|trustLevel|totalScanTimeInSeconds|grandTotal|lineItemVoids|scansWithoutRegistration|quantityModifications|scannedLineItemsPerSecond|valuePerSecond|lineItemVoidsPerPosition|totalScannedLineItems|lsvc_predict|lsvc_proba|xgb_predict|xgb_proba|fraud
5|1|770|11.09|11|5|2|0.0337662337662338|0.0144025974025974|0.42307692307692296|26.000000000000025|1|0.984|1|0.8830000162124634|1
7|2|1545|22.8|0|8|4|0.00647249190938511|0.0147572815533981|0.0|9.999999999999995|0|1.0|0|1.0|0
9|2|725|41.08|10|2|4|0.0372413793103448|0.0566620689655172|0.37037037037037|26.99999999999998|0|0.976|0|0.8679999709129333|0
15|1|870|32.45|3|1|5|0.00689655172413793|0.0372988505747126|0.5|5.999999999999999|0|1.0|0|1.0|0
23|2|125|25.5|5|6|2|0.192|0.204|0.208333333333333|24.0|0|1.0|0|1.0|0
24|1|71|78.91|1|4|4|0.0140845070422535|1.1114084507042299|1.0|0.9999999999999986|0|1.0|0|1.0|0
33|2|1355|48.87|2|0|4|0.00516605166051661|0.0360664206642066|0.28571428571428603|7.000000000000006|0|1.0|0|1.0|0
34|2|866|39.38|10|9|1|0.0046189376443418|0.045473441108545|2.5|3.9999999999999982|0|1.0|0|1.0|0
35|2|335|14.4|0|9|5|0.0149253731343284|0.0429850746268657|0.0|5.000000000000014|0|1.0|0|1.0|0
37|2|1397|62.59|7|9|4|0.0178954903364352|0.0448031496062992|0.28|24.99999999999997|1|0.662|1|0.8460000157356262|1
40|1|1520|41.88|6|8|2|0.00131578947368421|0.0275526315789474|3.0|1.9999999999999993|0|1.0|0|0.9819999933242798|0
41|2|622|60.75|11|5|4|0.0128617363344051|0.0976688102893891|1.375|7.999999999999972|0|1.0|0|1.0|0
43|2|1451|23.1|3|9|3|0.00137835975189524|0.0159200551343901|1.5|1.9999999999999933|0|1.0|0|1.0|0
44|2|401|80.86|0|1|0|0.0199501246882793|0.201645885286783|0.0|8.0|0|1.0|0|1.0|0
49|1|16|32.29|2|0|5|1.5|2.018125|0.0833333333333333|24.0|0|1.0|0|0.9990000128746033|0
52|1|608|85.05|3|5|2|0.0131578947368421|0.13988486842105302|0.375|7.9999999999999964|0|1.0|0|1.0|0
53|1|1385|34.68|5|8|4|0.0194945848375451|0.0250397111913357|0.185185185185185|26.999999999999964|1|1.0|1|0.9990000128746033|1
55|1|768|7.24|4|10|3|0.0143229166666667|0.009427083333333329|0.36363636363636404|11.000000000000027|0|1.0|0|0.9990000128746033|0
56|1|1474|60.64|9|0|5|0.0128900949796472|0.0411397557666214|0.47368421052631604|18.99999999999997|0|0.905|1|0.609000027179718|0
58|2|351|50.75|1|7|0|0.0455840455840456|0.144586894586895|0.0625|16.000000000000007|0|1.0|0|1.0|0
59|1|107|39.55|1|6|4|0.25233644859813104|0.369626168224299|0.037037037037037|27.00000000000002|0|0.887|0|0.878000020980835|0
61|2|1450|62.63|5|9|3|0.0103448275862069|0.0431931034482759|0.33333333333333304|15.000000000000005|0|1.0|0|0.9990000128746033|0
63|1|1748|26.31|0|9|1|0.0085812356979405|0.0150514874141876|0.0|14.999999999999995|0|0.986|0|0.9909999966621399|0
65|1|1123|28.94|1|0|5|0.0133570792520036|0.0257702582368655|0.0666666666666667|15.000000000000043|0|1.0|0|1.0|0
66|1|232|18.27|9|5|2|0.00862068965517241|0.07875|4.5|1.9999999999999991|0|1.0|0|1.0|0
67|2|1327|7.02|7|1|5|0.0188394875659382|0.00529012810851545|0.28|24.999999999999993|0|0.994|0|0.9860000014305115|0
70|1|861|31.34|11|3|0|0.0232288037166086|0.0363995354239257|0.55|20.000000000000007|0|0.895|0|0.9879999756813049|0
74|2|1068|23.64|4|0|1|0.0131086142322097|0.0221348314606742|0.28571428571428603|13.999999999999961|0|1.0|0|1.0|0
76|2|250|33.95|11|10|3|0.055999999999999994|0.1358|0.7857142857142858|13.999999999999998|0|1.0|0|1.0|0
84|2|109|24.32|10|0|5|0.100917431192661|0.22311926605504603|0.9090909090909091|11.00000000000005|0|1.0|0|1.0|0
86|2|1078|58.61|9|10|3|0.007421150278293141|0.0543692022263451|1.125|8.000000000000005|0|1.0|0|1.0|0
87|2|1464|58.21|8|3|0|0.0177595628415301|0.0397609289617486|0.307692307692308|26.000000000000064|0|0.791|0|0.8820000290870667|0
91|1|996|71.94|7|0|1|0.0271084337349398|0.0722289156626506|0.25925925925925897|27.000000000000043|1|0.89|1|0.9879999756813049|1
92|2|1515|7.69|11|4|1|0.0138613861386139|0.00507590759075908|0.523809523809524|21.000000000000057|0|0.989|0|0.9760000109672546|0
94|2|952|0.58|8|5|0|0.0168067226890756|0.000609243697478992|0.5|15.99999999999997|0|1.0|0|1.0|0
97|2|1305|87.65|7|8|4|0.021455938697318003|0.0671647509578544|0.25|27.999999999999993|1|0.944|1|0.9670000076293945|1
102|1|1319|37.1|7|7|0|0.0144048521607278|0.0281273692191054|0.368421052631579|18.999999999999968|0|0.575|1|0.8379999995231628|0
103|1|1335|38.95|5|1|3|0.0142322097378277|0.0291760299625468|0.263157894736842|18.999999999999982|0|0.99|0|0.7210000157356262|0
112|2|1278|98.78|2|3|1|0.00625978090766823|0.0772926447574335|0.25|7.999999999999998|0|1.0|0|1.0|0
115|2|1094|91.26|9|0|3|0.00639853747714808|0.08341864716636199|1.28571428571429|6.999999999999999|0|1.0|0|1.0|0
116|1|990|19.42|1|7|3|0.0202020202020202|0.0196161616161616|0.05|20.0|0|0.981|1|0.5400000214576721|0
121|2|509|85.16|1|5|3|0.031434184675834996|0.16730844793713198|0.0625|16.000000000000014|0|1.0|0|1.0|0
126|1|485|17.63|10|3|5|0.0515463917525773|0.0363505154639175|0.4|24.999999999999993|1|0.576|0|0.6520000100135803|1
132|2|669|13.58|6|7|1|0.00298953662182362|0.0202989536621824|3.0|2.0000000000000018|0|1.0|0|1.0|0
135|2|959|11.63|6|10|0|0.0260688216892596|0.0121272158498436|0.24|24.999999999999957|0|0.898|0|0.8040000200271606|0
136|2|282|70.79|4|8|4|0.024822695035461|0.25102836879432605|0.5714285714285711|7.000000000000003|0|1.0|0|1.0|0
142|2|414|98.72|0|5|1|0.0314009661835749|0.238454106280193|0.0|13.000000000000009|0|1.0|0|1.0|0
143|1|898|2.64|9|3|5|0.0334075723830735|0.00293986636971047|0.3|30.000000000000004|1|1.0|1|0.9769999980926514|1
144|1|788|80.87|0|8|3|0.0101522842639594|0.10262690355329901|0.0|8.000000000000007|0|1.0|0|0.9990000128746033|0
145|1|1312|51.43|7|1|1|0.007621951219512191|0.0391996951219512|0.7|9.999999999999995|0|1.0|0|0.9990000128746033|0
148|1|299|42.06|9|8|3|0.0301003344481605|0.14066889632107002|1.0|8.99999999999999|0|1.0|0|1.0|0
149|2|1755|8.32|2|0|4|0.00512820512820513|0.00474074074074074|0.222222222222222|9.000000000000004|0|1.0|0|1.0|0
151|1|383|37.25|2|10|2|0.0704960835509138|0.0972584856396867|0.0740740740740741|26.999999999999986|1|0.901|1|0.9760000109672546|1
152|2|530|37.36|1|3|3|0.0490566037735849|0.0704905660377358|0.0384615384615385|25.999999999999996|0|1.0|0|1.0|0
156|1|1035|61.75|8|0|0|0.00289855072463768|0.0596618357487923|2.6666666666666696|2.9999999999999987|0|1.0|0|0.9990000128746033|0
157|1|818|88.58|7|8|3|0.0220048899755501|0.10828850855745699|0.38888888888888895|17.999999999999982|0|0.913|0|0.9829999804496765|0
159|2|735|89.47|8|9|3|0.0353741496598639|0.12172789115646301|0.307692307692308|25.999999999999968|0|0.7|0|0.7609999775886536|0
161|1|1096|97.39|1|4|1|0.0118613138686131|0.0888594890510949|0.0769230769230769|12.999999999999957|0|1.0|0|0.9990000128746033|0
167|2|569|32.98|4|4|0|0.0492091388400703|0.0579613356766257|0.14285714285714302|28.0|0|0.996|0|0.9950000047683716|0
172|2|297|91.67|5|6|4|0.0841750841750842|0.30865319865319896|0.2|25.000000000000007|0|0.999|0|0.996999979019165|0
174|2|576|91.74|3|4|3|0.0190972222222222|0.159270833333333|0.272727272727273|10.999999999999988|0|1.0|0|1.0|0
177|1|1075|31.95|3|8|0|0.0213953488372093|0.0297209302325581|0.130434782608696|22.999999999999996|1|0.72|1|0.906000018119812|1
178|1|1382|36.76|5|7|1|0.0166425470332851|0.0265991316931983|0.21739130434782603|23.00000000000001|1|0.948|1|0.9710000157356262|1
180|1|219|89.69|3|5|5|0.11415525114155302|0.40954337899543397|0.12|25.00000000000011|0|0.912|0|0.9610000252723694|0
182|2|1818|79.15|6|4|0|0.0011001100110011|0.0435368536853685|3.0|2.0|0|1.0|0|1.0|0
183|1|218|41.93|4|7|2|0.0963302752293578|0.19233944954128399|0.19047619047619|21.0|0|0.994|0|0.9890000224113464|0
186|2|542|22.4|0|1|5|0.0036900369003690005|0.0413284132841328|0.0|1.9999999999999982|0|1.0|0|1.0|0
190|2|277|76.34|5|10|0|0.0252707581227437|0.27559566787003603|0.7142857142857142|7.000000000000005|0|1.0|0|1.0|0
192|2|249|77.28|9|3|4|0.0441767068273092|0.31036144578313296|0.818181818181818|10.999999999999991|0|1.0|0|1.0|0
193|2|1803|7.51|6|2|0|0.00610094287298946|0.00416528008874099|0.545454545454545|10.999999999999996|0|1.0|0|1.0|0
196|2|1767|25.97|7|5|1|0.009054895302773059|0.0146972269383135|0.4375|15.999999999999995|0|1.0|0|1.0|0
197|1|310|65.47|5|5|2|0.0516129032258065|0.21119354838709697|0.3125|16.000000000000014|0|1.0|0|1.0|0
199|2|796|3.76|1|2|0|0.0314070351758794|0.00472361809045226|0.04|25.000000000000004|0|1.0|0|1.0|0
201|2|373|28.95|5|2|4|0.0670241286863271|0.0776139410187668|0.2|25.000000000000007|0|1.0|0|1.0|0
205|1|1054|75.58|11|5|4|0.0208728652751423|0.071707779886148|0.5|21.999999999999982|1|0.933|1|0.8759999871253967|1
206|1|198|49.24|1|1|4|0.0303030303030303|0.24868686868686898|0.166666666666667|5.999999999999999|0|1.0|0|1.0|0
207|1|524|38.78|11|3|3|0.0400763358778626|0.0740076335877863|0.523809523809524|21.000000000000004|0|0.934|0|0.9819999933242798|0
215|1|909|64.11|8|0|3|0.0055005500550055|0.0705280528052805|1.6|4.999999999999999|0|1.0|0|0.9990000128746033|0
216|1|704|23.16|2|8|3|0.0426136363636364|0.0328977272727273|0.0666666666666667|30.00000000000003|1|0.995|1|0.9879999756813049|1
217|2|1530|8.91|4|3|3|0.0130718954248366|0.00582352941176471|0.2|19.999999999999996|0|1.0|0|1.0|0
219|1|636|38.87|8|0|4|0.0283018867924528|0.0611163522012579|0.444444444444444|17.999999999999982|0|1.0|0|0.9990000128746033|0
221|2|1459|77.21|4|1|2|0.0178204249485949|0.0529198080877313|0.153846153846154|25.999999999999957|0|0.984|0|0.996999979019165|0
225|1|473|15.14|11|1|0|0.0549682875264271|0.0320084566596195|0.42307692307692296|26.000000000000018|1|0.569|0|0.5720000267028809|1
226|2|1597|11.14|2|5|5|0.0137758296806512|0.00697557921102066|0.0909090909090909|21.999999999999968|0|0.999|0|0.9890000224113464|0
227|1|91|0.26|8|6|4|0.307692307692308|0.00285714285714286|0.28571428571428603|28.00000000000003|1|0.851|1|0.7289999723434448|1
230|1|1537|38.44|5|6|1|0.0175666883539362|0.0250097592713077|0.185185185185185|26.99999999999994|1|1.0|1|0.9940000176429749|1
232|2|1698|7.59|6|7|5|0.0111896348645465|0.00446996466431095|0.315789473684211|18.999999999999957|0|0.997|0|0.9940000176429749|0
237|2|1660|13.69|1|3|2|0.0126506024096386|0.00824698795180723|0.0476190476190476|21.000000000000075|0|1.0|0|0.9990000128746033|0
242|1|439|63.23|10|3|2|0.0182232346241458|0.144031890660592|1.25|8.000000000000005|0|1.0|0|1.0|0
244|1|511|28.39|10|5|2|0.0234833659491194|0.0555577299412916|0.833333333333333|12.000000000000014|0|1.0|0|0.9990000128746033|0
248|2|365|20.05|8|10|2|0.0356164383561644|0.0549315068493151|0.615384615384615|13.000000000000005|0|1.0|0|1.0|0
251|2|705|17.95|4|3|3|0.0184397163120567|0.0254609929078014|0.307692307692308|12.999999999999972|0|1.0|0|1.0|0
253|2|880|51.25|0|10|3|0.0170454545454545|0.0582386363636364|0.0|14.99999999999996|0|1.0|0|1.0|0
259|2|454|77.15|1|1|5|0.0616740088105727|0.169933920704846|0.0357142857142857|28.000000000000007|0|1.0|0|0.9990000128746033|0
260|2|268|98.18|7|0|4|0.0932835820895522|0.36634328358209|0.28|24.99999999999999|0|1.0|0|1.0|0
261|1|637|39.52|10|1|0|0.0204081632653061|0.0620408163265306|0.7692307692307689|12.999999999999986|0|1.0|0|1.0|0
262|2|1355|81.16|7|5|0|0.00811808118081181|0.0598966789667897|0.6363636363636359|11.000000000000002|0|1.0|0|1.0|0
263|1|1568|2.42|2|6|2|0.00637755102040816|0.0015433673469387801|0.2|9.999999999999995|0|1.0|0|0.996999979019165|0
265|1|856|15.25|0|3|5|0.0011682242990654198|0.0178154205607477|0.0|0.9999999999999993|0|1.0|0|1.0|0
267|2|196|39.11|8|8|4|0.11224489795918402|0.19954081632653103|0.36363636363636404|22.000000000000068|0|1.0|0|0.9990000128746033|0
270|1|1666|25.6|5|5|3|0.00600240096038415|0.0153661464585834|0.5|9.999999999999995|0|1.0|0|0.9959999918937683|0
271|2|506|86.07|0|6|1|0.0237154150197628|0.170098814229249|0.0|11.999999999999977|0|1.0|0|1.0|0
273|1|546|23.92|11|2|1|0.032967032967032996|0.0438095238095238|0.6111111111111109|18.000000000000014|0|0.998|0|1.0|0
278|1|618|98.64|11|8|2|0.0420711974110032|0.15961165048543696|0.42307692307692296|25.99999999999998|1|1.0|1|0.9739999771118164|1
280|2|124|8.18|2|0|2|0.120967741935484|0.0659677419354839|0.133333333333333|15.000000000000016|0|1.0|0|1.0|0
291|2|1813|22.14|8|1|0|0.00551571980143409|0.0122118036403751|0.8|10.000000000000005|0|1.0|0|1.0|0
292|1|1830|48.69|10|10|0|0.0136612021857923|0.0266065573770492|0.4|24.99999999999991|1|1.0|1|1.0|1
295|2|1296|39.97|4|1|1|0.0154320987654321|0.030841049382715997|0.2|20.0|0|1.0|0|1.0|0
296|2|888|26.43|9|2|1|0.0225225225225225|0.0297635135135135|0.45|19.999999999999982|0|1.0|0|1.0|0
297|2|809|21.21|0|7|5|0.0210135970333745|0.0262175525339926|0.0|16.99999999999997|0|1.0|0|1.0|0
299|1|339|80.28|8|1|2|0.0855457227138643|0.236814159292035|0.27586206896551696|29.0|1|0.873|1|0.7829999923706055|0
301|1|1225|96.92|9|7|5|0.0244897959183673|0.0791183673469388|0.3|29.999999999999943|1|1.0|1|0.9990000128746033|1
307|2|1048|45.74|3|5|5|0.00477099236641221|0.0436450381679389|0.6|4.9999999999999964|0|1.0|0|1.0|0
308|1|357|85.61|10|9|1|0.0644257703081232|0.23980392156862698|0.43478260869565205|22.999999999999982|1|0.883|0|0.7179999947547913|0
309|2|1147|70.69|8|9|5|0.004359197907585|0.0616303400174368|1.6|4.999999999999995|0|1.0|0|1.0|0
310|1|1362|89.74|8|6|5|0.0022026431718061698|0.0658883994126285|2.6666666666666696|3.000000000000003|0|1.0|0|0.9819999933242798|0
312|2|43|94.91|10|1|4|0.32558139534883695|2.2072093023255803|0.7142857142857142|13.99999999999999|0|1.0|0|1.0|0
316|2|758|18.6|6|8|5|0.00659630606860158|0.0245382585751979|1.2|4.999999999999997|0|1.0|0|1.0|0
317|2|1783|78.3|11|3|3|0.0033651149747616397|0.0439147504206394|1.8333333333333302|6.0000000000000036|0|1.0|0|1.0|0
324|1|1099|35.31|11|3|2|0.0218380345768881|0.0321292083712466|0.4583333333333329|24.00000000000002|1|0.951|1|0.8140000104904175|1
326|1|1250|21.36|7|4|3|0.0032|0.017088|1.75|4.0|0|1.0|0|0.9990000128746033|0
327|2|42|26.6|8|3|1|0.6190476190476191|0.633333333333333|0.307692307692308|26.0|0|1.0|0|1.0|0
329|1|1244|87.97|3|8|2|0.00803858520900321|0.0707154340836013|0.3|9.999999999999993|0|1.0|0|0.9929999709129333|0
330|1|1499|96.19|9|0|3|0.0180120080053369|0.0641694462975317|0.33333333333333304|27.000000000000014|1|0.997|1|0.9980000257492065|1
332|2|694|74.11|10|6|4|0.0115273775216138|0.10678674351585|1.25|7.999999999999977|0|1.0|0|1.0|0
333|2|1108|77.25|10|10|0|0.0207581227436823|0.0697202166064982|0.43478260869565205|22.99999999999999|0|0.642|0|0.9620000123977661|0
334|1|1595|11.61|7|8|0|0.00250783699059561|0.00727899686520376|1.75|3.9999999999999982|0|1.0|0|0.9940000176429749|0
335|2|1478|75.28|2|3|1|0.013531799729363997|0.0509336941813261|0.1|19.999999999999986|0|1.0|0|0.9990000128746033|0
336|2|895|27.48|11|1|5|0.0201117318435754|0.0307039106145251|0.6111111111111109|17.999999999999986|0|1.0|0|1.0|0
343|2|415|37.77|1|5|1|0.0530120481927711|0.0910120481927711|0.0454545454545455|22.000000000000004|0|1.0|0|1.0|0
347|2|1363|1.84|7|7|4|0.0168745414526779|0.0013499633162142302|0.304347826086957|22.999999999999975|0|0.967|0|0.9779999852180481|0
348|1|1259|78.34|10|6|2|0.011119936457506002|0.0622239872915012|0.7142857142857142|14.000000000000057|0|0.98|0|0.9810000061988831|0
351|2|933|22.62|7|1|3|0.0182207931404073|0.0242443729903537|0.411764705882353|17.00000000000001|0|1.0|0|1.0|0
353|1|189|42.45|6|10|1|0.137566137566138|0.224603174603175|0.23076923076923103|26.00000000000008|1|0.897|1|0.7929999828338623|1
355|1|1155|2.24|2|0|2|0.00519480519480519|0.0019393939393939398|0.33333333333333304|5.999999999999994|0|1.0|0|1.0|0
356|1|424|61.96|5|2|4|0.0023584905660377397|0.146132075471698|5.0|1.0000000000000016|0|1.0|0|1.0|0
357|2|623|11.15|5|8|0|0.00802568218298555|0.0178972712680578|1.0|4.999999999999997|0|1.0|0|1.0|0
359|2|968|78.35|8|1|3|0.0227272727272727|0.0809400826446281|0.36363636363636404|21.999999999999975|0|1.0|0|1.0|0
360|2|1659|54.7|7|9|4|0.0006027727546714889|0.0329716696805304|7.0|1.0000000000000002|0|1.0|0|0.9980000257492065|0
368|1|580|80.49|7|9|0|0.0120689655172414|0.138775862068965|1.0|7.0000000000000115|0|1.0|0|1.0|0
369|2|735|29.79|4|7|2|0.0380952380952381|0.040530612244898|0.14285714285714302|28.000000000000004|0|0.932|0|0.9559999704360962|0
375|1|1679|62.67|0|2|4|0.0166765932102442|0.0373257891602144|0.0|28.000000000000014|1|0.984|1|0.9829999804496765|1
378|1|521|89.61|1|0|1|0.0556621880998081|0.171996161228407|0.0344827586206897|29.00000000000002|0|0.695|0|0.8820000290870667|0
383|1|153|39.39|4|3|4|0.0849673202614379|0.25745098039215697|0.307692307692308|12.999999999999998|0|1.0|0|1.0|0
384|1|950|25.83|0|1|4|0.0315789473684211|0.0271894736842105|0.0|30.000000000000046|1|0.864|1|0.6520000100135803|1
389|2|1228|73.68|2|6|0|0.0138436482084691|0.06|0.11764705882352902|17.000000000000053|0|1.0|0|1.0|0
390|1|1691|90.31|6|5|1|0.0124186871673566|0.0534062684801892|0.28571428571428603|21.00000000000001|1|0.858|1|0.8019999861717224|1
396|2|319|61.79|5|2|3|0.0188087774294671|0.19369905956112898|0.833333333333333|6.000000000000004|0|1.0|0|1.0|0
398|2|163|3.81|5|0|3|0.10429447852760698|0.0233742331288344|0.294117647058824|16.99999999999994|0|1.0|0|1.0|0
405|2|135|29.17|3|1|5|0.192592592592593|0.216074074074074|0.115384615384615|26.000000000000057|0|1.0|0|1.0|0
408|2|1433|64.76|4|9|1|0.0139567341242149|0.045191905094208|0.2|19.999999999999954|0|0.995|0|0.8460000157356262|0
410|1|1428|82.07|9|3|1|0.00140056022408964|0.0574719887955182|4.5|2.0000000000000058|0|1.0|0|0.9909999966621399|0
414|2|1103|86.78|5|6|0|0.0253853127833182|0.0786763372620127|0.178571428571429|27.99999999999997|0|0.689|0|0.777999997138977|0
415|2|1396|2.12|1|1|2|0.0136103151862464|0.00151862464183381|0.0526315789473684|18.999999999999975|0|1.0|0|1.0|0
418|1|18|20.66|4|4|5|1.61111111111111|1.14777777777778|0.137931034482759|28.999999999999982|0|0.594|0|0.9240000247955322|0
422|1|846|4.2|3|3|5|0.00118203309692671|0.0049645390070922|3.0|0.9999999999999967|0|1.0|0|1.0|0
430|2|1269|59.1|5|5|5|0.0063041765169424705|0.0465721040189125|0.625|7.999999999999995|0|1.0|0|1.0|0
431|1|809|15.94|5|2|3|0.0321384425216316|0.0197033374536465|0.19230769230769199|25.999999999999964|0|0.518|1|0.7080000042915344|0
433|2|1203|74.91|9|1|3|0.0108063175394846|0.0622693266832918|0.6923076923076921|12.999999999999975|0|1.0|0|1.0|0
435|1|1075|3.22|5|1|3|0.0018604651162790699|0.0029953488372093|2.5|2.0|0|1.0|0|0.9990000128746033|0
436|1|1512|75.0|11|6|1|0.0158730158730159|0.0496031746031746|0.4583333333333329|24.00000000000004|1|0.997|1|0.9950000047683716|1
437|2|524|1.39|8|7|1|0.017175572519083998|0.00265267175572519|0.8888888888888891|9.000000000000014|0|1.0|0|1.0|0
440|2|1286|61.21|5|9|3|0.00622083981337481|0.04759720062208401|0.625|8.000000000000005|0|1.0|0|1.0|0
441|1|1403|59.68|4|1|1|0.0135424091233072|0.0425374198146828|0.21052631578947398|19.0|0|0.983|0|0.9010000228881836|0
443|1|22|5.67|11|10|3|0.954545454545455|0.25772727272727297|0.523809523809524|21.00000000000001|0|0.854|0|0.9929999709129333|0
445|2|245|55.29|0|10|2|0.0530612244897959|0.225673469387755|0.0|12.999999999999996|0|1.0|0|1.0|0
446|1|1434|8.6|10|9|2|0.0153417015341702|0.00599721059972106|0.45454545454545503|22.000000000000068|1|0.987|1|0.9729999899864197|1
447|1|1486|57.13|4|1|1|0.0154777927321669|0.0384454912516824|0.17391304347826098|23.000000000000014|0|0.568|1|0.6800000071525574|0
449|1|1126|31.39|8|7|3|0.00266429840142096|0.0278774422735346|2.6666666666666696|3.000000000000001|0|1.0|0|0.9959999918937683|0
451|1|886|84.93|9|3|5|0.0158013544018059|0.0958577878103838|0.6428571428571429|14.000000000000028|0|0.999|0|0.9990000128746033|0
454|1|213|17.76|11|3|0|0.0516431924882629|0.0833802816901408|1.0|10.999999999999998|0|1.0|0|1.0|0
466|2|1746|75.13|1|1|5|0.0160366552119129|0.0430297823596793|0.0357142857142857|27.999999999999925|0|0.827|1|0.6290000081062317|0
477|1|1082|10.09|11|3|5|0.011090573012939|0.009325323475046209|0.916666666666667|11.999999999999998|0|1.0|0|0.9940000176429749|0
479|2|157|5.35|11|4|2|0.0700636942675159|0.0340764331210191|1.0|10.999999999999995|0|1.0|0|1.0|0
480|2|923|19.04|1|1|1|0.0119176598049837|0.0206283856988082|0.0909090909090909|10.999999999999956|0|1.0|0|1.0|0
481|2|1249|13.14|1|6|1|0.0136108887109688|0.0105204163330665|0.0588235294117647|17.000000000000032|0|1.0|0|1.0|0
485|1|1399|47.76|3|2|2|0.0121515368120086|0.0341386704789135|0.17647058823529396|17.000000000000032|0|0.997|0|0.9959999918937683|0
490|1|1213|93.48|9|1|3|0.0123660346248969|0.0770651277823578|0.6|14.99999999999994|0|0.998|0|0.9940000176429749|0
495|1|43|23.08|4|6|2|0.604651162790698|0.5367441860465121|0.153846153846154|26.000000000000014|0|0.885|0|0.9210000038146973|0
498|2|541|90.34|6|3|4|0.0166358595194085|0.16698706099815197|0.666666666666667|9.0|0|1.0|0|1.0|0
499|1|600|8.8|6|8|3|0.0483333333333333|0.0146666666666667|0.206896551724138|28.99999999999998|1|0.992|1|0.9909999966621399|1
501|1|923|72.62|5|9|3|0.0227518959913326|0.0786782231852654|0.23809523809523803|20.99999999999999|0|0.53|0|0.8640000224113464|1
507|1|1448|1.22|0|6|1|0.00138121546961326|0.000842541436464088|0.0|2.0000000000000004|0|1.0|0|0.9980000257492065|0
511|2|459|58.95|4|10|5|0.0239651416122004|0.12843137254901998|0.36363636363636404|10.999999999999984|0|1.0|0|1.0|0
513|1|389|35.92|6|6|0|0.038560411311054005|0.0923393316195373|0.4|15.000000000000007|0|1.0|0|1.0|0
516|1|1045|45.74|0|2|4|0.0267942583732057|0.0437703349282297|0.0|27.999999999999957|1|0.763|1|0.8939999938011169|1
517|1|400|22.96|2|6|0|0.0475|0.0574|0.10526315789473699|19.0|0|0.999|0|0.996999979019165|0
521|1|1348|78.76|1|0|0|0.0140949554896142|0.0584272997032641|0.0526315789473684|18.99999999999994|0|0.997|0|0.9900000095367432|0
524|2|884|79.98|4|6|5|0.00452488687782805|0.0904751131221719|1.0|3.9999999999999964|0|1.0|0|1.0|0
526|2|404|7.98|0|1|2|0.0668316831683168|0.0197524752475248|0.0|26.999999999999986|0|1.0|0|1.0|0
530|1|275|65.55|1|5|1|0.0981818181818182|0.23836363636363603|0.037037037037037|27.000000000000007|0|0.81|0|0.906000018119812|0
535|2|45|32.81|4|4|0|0.133333333333333|0.7291111111111109|0.666666666666667|5.999999999999985|0|1.0|0|1.0|0
537|1|1545|60.97|4|10|1|0.0103559870550162|0.039462783171521|0.25|16.00000000000003|0|0.843|0|0.9660000205039978|0
539|2|1280|41.86|6|3|1|0.00390625|0.032703125|1.2|5.0|0|1.0|0|1.0|0
542|2|932|80.12|2|1|3|0.00321888412017167|0.0859656652360515|0.666666666666667|2.9999999999999964|0|1.0|0|1.0|0
548|1|1434|74.97|3|5|1|0.0181311018131102|0.0522803347280335|0.115384615384615|26.00000000000003|1|0.977|1|0.9700000286102295|1
549|1|764|37.46|4|8|0|0.0209424083769634|0.0490314136125654|0.25|16.00000000000004|0|0.998|0|0.9990000128746033|0
550|1|135|63.18|7|6|4|0.0222222222222222|0.46799999999999997|2.3333333333333304|2.999999999999997|0|1.0|0|1.0|0
553|2|1467|14.48|7|10|5|0.0156782549420586|0.00987048398091343|0.304347826086957|22.999999999999968|0|0.744|0|0.859000027179718|0
557|2|271|97.17|5|2|0|0.0590405904059041|0.358560885608856|0.3125|16.00000000000001|0|1.0|0|1.0|0
558|1|19|63.22|0|2|4|0.631578947368421|3.32736842105263|0.0|12.0|0|1.0|0|1.0|0
564|1|1775|30.56|0|2|2|0.00338028169014085|0.0172169014084507|0.0|6.000000000000009|0|1.0|0|0.9990000128746033|0
570|1|1747|25.78|3|3|0|0.0108757870635375|0.014756725815684|0.157894736842105|19.00000000000001|0|0.902|0|0.9610000252723694|0
574|1|213|48.5|0|0|3|0.126760563380282|0.227699530516432|0.0|27.000000000000064|0|0.989|0|0.9440000057220459|0
575|1|666|58.91|2|9|1|0.0225225225225225|0.0884534534534535|0.133333333333333|14.999999999999986|0|1.0|0|0.9990000128746033|0
578|2|861|74.41|2|0|4|0.004645760743321721|0.0864227642276423|0.5|4.000000000000002|0|1.0|0|1.0|0
580|2|1240|10.77|0|5|3|0.0145161290322581|0.008685483870967741|0.0|18.000000000000043|0|1.0|0|1.0|0
582|1|884|3.61|8|0|5|0.0192307692307692|0.00408371040723982|0.47058823529411803|16.99999999999997|0|0.999|0|1.0|0
583|2|609|20.04|0|10|4|0.0197044334975369|0.0329064039408867|0.0|11.999999999999973|0|1.0|0|1.0|0
584|2|502|23.46|6|3|4|0.0577689243027888|0.0467330677290837|0.206896551724138|28.99999999999998|0|0.981|0|0.9860000014305115|0
585|1|631|94.61|6|5|3|0.0190174326465927|0.149936608557845|0.5|11.999999999999995|0|1.0|0|1.0|0
586|2|1656|2.7|0|10|1|0.00301932367149758|0.0016304347826087|0.0|4.999999999999993|0|1.0|0|0.9990000128746033|0
588|2|888|55.67|11|5|5|0.0168918918918919|0.0626914414414414|0.733333333333333|15.000000000000007|0|1.0|0|1.0|0
590|1|195|67.44|7|4|4|0.0615384615384615|0.34584615384615397|0.583333333333333|11.999999999999993|0|1.0|0|1.0|0
593|2|295|92.67|7|1|2|0.0745762711864407|0.314135593220339|0.31818181818181795|22.000000000000004|0|1.0|0|1.0|0
599|1|904|9.85|10|2|3|0.0110619469026549|0.010896017699115|1.0|10.00000000000003|0|1.0|0|0.9980000257492065|0
601|2|1230|95.63|5|7|3|0.0016260162601626|0.0777479674796748|2.5|1.9999999999999982|0|1.0|0|1.0|0
604|1|1043|26.42|8|2|5|0.0172579098753595|0.0253307766059444|0.444444444444444|17.999999999999957|0|0.991|0|0.9869999885559082|0
608|1|1812|36.14|10|1|2|0.0044150110375275895|0.0199448123620309|1.25|7.999999999999992|0|1.0|0|0.9779999852180481|0
610|1|518|48.65|9|10|3|0.0501930501930502|0.0939189189189189|0.34615384615384603|26.000000000000004|1|0.984|1|0.9860000014305115|1
620|1|1177|82.53|8|0|4|0.0110450297366185|0.0701189464740867|0.615384615384615|12.999999999999975|0|1.0|0|0.9990000128746033|0
621|1|326|93.09|9|0|1|0.0122699386503067|0.285552147239264|2.25|3.9999999999999845|0|1.0|0|1.0|0
629|2|517|83.67|0|1|3|0.0290135396518375|0.16183752417795|0.0|14.999999999999988|0|1.0|0|1.0|0
630|2|940|73.36|2|9|2|0.00212765957446809|0.0780425531914894|1.0|2.0000000000000044|0|1.0|0|1.0|0
633|1|81|6.18|2|4|5|0.23456790123456797|0.0762962962962963|0.10526315789473699|19.000000000000007|0|1.0|0|0.9990000128746033|0
634|2|550|81.73|0|10|0|0.0545454545454545|0.1486|0.0|29.999999999999975|0|0.817|0|0.8100000023841858|0
642|2|1564|24.77|0|9|5|0.00447570332480818|0.0158375959079284|0.0|6.999999999999993|0|1.0|0|0.9990000128746033|0
643|2|369|36.17|10|4|2|0.0569105691056911|0.0980216802168022|0.47619047619047605|21.000000000000018|0|1.0|0|1.0|0
645|1|1782|13.34|5|1|4|0.0151515151515152|0.00748597081930415|0.185185185185185|27.00000000000009|1|0.991|1|0.9660000205039978|1
648|1|1542|9.99|2|10|2|0.0194552529182879|0.00647859922178988|0.0666666666666667|29.999999999999943|1|1.0|1|1.0|1
651|1|883|74.69|11|2|2|0.0124575311438279|0.0845866364665912|1.0|11.000000000000036|0|1.0|0|0.996999979019165|0
659|2|1397|69.02|7|4|4|0.007158196134574091|0.0494058697208303|0.7|10.000000000000005|0|1.0|0|1.0|0
661|2|1775|19.21|8|2|4|0.00112676056338028|0.0108225352112676|4.0|1.9999999999999971|0|1.0|0|1.0|0
663|2|931|68.85|1|9|0|0.0268528464017186|0.073952738990333|0.04|25.000000000000014|0|0.986|0|0.9459999799728394|0
673|2|149|49.15|5|1|0|0.0201342281879195|0.329865771812081|1.6666666666666698|3.0000000000000053|0|1.0|0|1.0|0
674|1|994|81.79|9|4|0|0.0160965794768612|0.0822837022132797|0.5625|16.000000000000032|0|0.994|0|0.9990000128746033|0
675|1|1742|52.47|7|4|4|0.0103329506314581|0.0301205510907003|0.38888888888888895|18.00000000000001|0|0.688|0|0.9829999804496765|0
676|2|1476|97.73|9|0|1|0.0101626016260163|0.0662127371273713|0.6|15.000000000000059|0|1.0|0|1.0|0
678|1|824|25.31|1|9|4|0.0194174757281553|0.0307160194174757|0.0625|15.999999999999968|0|0.999|0|1.0|0
680|1|1506|36.67|7|3|4|0.0119521912350598|0.0243492695883134|0.38888888888888895|18.00000000000006|0|0.92|0|0.9580000042915344|0
682|2|1294|89.66|8|3|3|0.0170015455950541|0.0692890262751159|0.36363636363636404|22.000000000000004|0|0.995|0|0.9980000257492065|0
687|2|95|79.98|2|0|4|0.23157894736842102|0.8418947368421049|0.0909090909090909|21.999999999999996|0|1.0|0|1.0|0
693|2|1646|62.93|3|5|5|0.00243013365735115|0.038232077764277|0.75|3.9999999999999933|0|1.0|0|1.0|0
694|2|137|66.41|9|6|1|0.0510948905109489|0.48474452554744507|1.28571428571429|6.999999999999999|0|1.0|0|1.0|0
695|2|214|14.17|0|4|3|0.0560747663551402|0.066214953271028|0.0|12.000000000000004|0|1.0|0|1.0|0
697|1|901|31.16|4|9|2|0.0277469478357381|0.0345837957824639|0.16|25.00000000000003|1|0.927|1|0.9729999899864197|1
698|1|1692|21.21|4|10|5|0.00709219858156028|0.0125354609929078|0.33333333333333304|11.999999999999995|0|0.989|0|0.9739999771118164|0
699|1|1129|87.01|7|2|3|0.00620017714791851|0.0770682019486271|1.0|6.999999999999998|0|1.0|0|0.9990000128746033|0
701|2|119|57.6|7|1|5|0.0672268907563025|0.48403361344537804|0.875|7.999999999999998|0|1.0|0|1.0|0
702|2|1021|6.24|1|10|2|0.0029382957884427|0.00611165523996082|0.33333333333333304|2.999999999999997|0|1.0|0|1.0|0
704|2|1561|76.66|4|7|2|0.00704676489429853|0.0491095451633568|0.36363636363636404|11.000000000000005|0|1.0|0|0.9990000128746033|0
707|2|567|94.25|9|3|2|0.0299823633156966|0.166225749559083|0.529411764705882|16.99999999999997|0|1.0|0|1.0|0
708|2|571|33.67|6|10|4|0.0490367775831874|0.0589667250437828|0.214285714285714|28.000000000000004|0|0.744|0|0.7200000286102295|1
710|2|1187|64.15|2|9|5|0.0033698399326032|0.0540438079191238|0.5|3.9999999999999982|0|1.0|0|1.0|0
711|2|358|5.31|0|10|5|0.0335195530726257|0.0148324022346369|0.0|12.0|0|1.0|0|1.0|0
712|2|1688|52.49|3|5|5|0.004739336492891|0.031095971563981004|0.375|8.000000000000007|0|1.0|0|1.0|0
715|1|1666|93.56|6|6|4|0.0078031212484994|0.0561584633853541|0.46153846153846206|13.000000000000002|0|0.989|0|0.9800000190734863|0
716|2|618|30.94|6|8|3|0.0161812297734628|0.0500647249190939|0.6|10.00000000000001|0|1.0|0|1.0|0
720|1|472|84.08|4|10|3|0.00423728813559322|0.178135593220339|2.0|2.0|0|1.0|0|1.0|0
724|1|383|66.13|1|1|0|0.0522193211488251|0.17266318537859|0.05|20.00000000000001|0|1.0|0|1.0|0
732|1|1262|40.27|3|5|3|0.0182250396196513|0.0319096671949287|0.130434782608696|22.999999999999943|1|0.567|1|0.7649999856948853|1
734|2|585|89.34|11|9|1|0.0136752136752137|0.152717948717949|1.375|8.000000000000014|0|1.0|0|1.0|0
736|1|1122|86.21|7|0|2|0.0151515151515152|0.0768360071301248|0.411764705882353|17.000000000000053|0|0.998|0|0.9990000128746033|0
744|1|453|64.19|10|1|5|0.0132450331125828|0.141699779249448|1.6666666666666698|6.000000000000009|0|1.0|0|1.0|0
745|1|518|70.73|6|1|0|0.0366795366795367|0.136544401544402|0.315789473684211|19.00000000000001|0|0.999|0|1.0|0
746|1|1533|3.12|7|1|5|0.0045662100456621|0.00203522504892368|1.0|7.0|0|1.0|0|0.9980000257492065|0
749|2|949|8.38|5|10|2|0.0200210748155954|0.00883034773445732|0.263157894736842|19.000000000000036|0|1.0|0|1.0|0
750|1|264|89.38|4|5|0|0.0416666666666667|0.338560606060606|0.36363636363636404|11.000000000000009|0|1.0|0|1.0|0
753|1|201|91.28|0|3|1|0.12437810945273599|0.454129353233831|0.0|24.999999999999932|0|0.991|0|0.9900000095367432|0
754|1|1540|97.98|4|5|4|0.0155844155844156|0.0636233766233766|0.166666666666667|24.000000000000025|1|0.961|1|0.9470000267028809|1
755|2|548|70.39|5|9|3|0.0273722627737226|0.128448905109489|0.33333333333333304|14.999999999999986|0|1.0|0|1.0|0
757|1|239|72.65|9|1|0|0.0251046025104603|0.30397489539749|1.5|6.0000000000000115|0|1.0|0|1.0|0
759|2|73|74.37|4|7|3|0.31506849315068497|1.01876712328767|0.17391304347826098|23.000000000000004|0|1.0|0|1.0|0
760|2|364|62.82|8|8|3|0.0659340659340659|0.172582417582418|0.33333333333333304|23.999999999999986|0|0.995|0|0.9739999771118164|0
761|2|1352|29.19|5|5|3|0.0177514792899408|0.0215902366863905|0.208333333333333|23.999999999999964|0|0.982|0|0.9580000042915344|0
762|1|1485|26.27|4|6|3|0.0181818181818182|0.0176902356902357|0.148148148148148|27.000000000000025|1|0.997|1|0.9610000252723694|1
765|2|1423|53.52|0|0|2|0.0203794799718904|0.037610681658467995|0.0|29.00000000000004|0|0.981|0|0.8379999995231628|0
771|1|274|37.48|9|3|2|0.0802919708029197|0.136788321167883|0.409090909090909|21.999999999999996|0|0.981|0|0.9940000176429749|0
772|1|1077|50.2|3|3|1|0.0278551532033426|0.046610956360260004|0.1|29.999999999999982|1|0.99|1|0.796999990940094|1
773|2|767|90.66|5|4|2|0.0169491525423729|0.11820078226857901|0.384615384615385|13.000000000000012|0|1.0|0|1.0|0
775|2|1607|7.72|4|10|4|0.0074673304293715|0.004803982576229|0.33333333333333304|12.0|0|1.0|0|0.9990000128746033|0
776|2|1656|87.74|8|4|1|0.000603864734299517|0.0529830917874396|8.0|1.0000000000000002|0|1.0|0|0.9990000128746033|0
778|1|1548|79.58|10|7|2|0.0122739018087855|0.0514082687338501|0.526315789473684|18.999999999999954|1|0.868|1|0.8199999928474426|1
783|2|1805|13.89|9|5|0|0.00443213296398892|0.007695290858725759|1.125|8.0|0|1.0|0|0.9990000128746033|0
787|1|13|10.24|4|8|3|0.538461538461538|0.787692307692308|0.5714285714285711|6.999999999999994|0|1.0|0|1.0|0
802|1|934|94.3|3|0|2|0.0139186295503212|0.10096359743040699|0.23076923076923103|13.000000000000002|0|1.0|0|1.0|0
803|1|825|42.09|6|5|5|0.0327272727272727|0.0510181818181818|0.222222222222222|26.99999999999998|1|0.978|1|0.9580000042915344|1
807|2|1379|99.76|1|4|5|0.0101522842639594|0.0723422770123278|0.0714285714285714|14.000000000000012|0|1.0|0|1.0|0
812|2|1015|5.44|7|10|3|0.00689655172413793|0.00535960591133005|1.0|6.999999999999999|0|1.0|0|1.0|0
815|2|1746|44.05|1|3|0|0.00171821305841924|0.0252290950744559|0.33333333333333304|2.9999999999999933|0|1.0|0|1.0|0
816|1|987|62.15|10|8|5|0.0121580547112462|0.06296859169199599|0.833333333333333|12.0|0|0.998|0|0.9890000224113464|0
818|1|1251|18.15|2|6|3|0.0055955235811350895|0.0145083932853717|0.28571428571428603|6.999999999999997|0|1.0|0|0.9990000128746033|0
824|2|617|67.96|0|0|5|0.00162074554294976|0.11014586709886501|0.0|1.000000000000002|0|1.0|0|1.0|0
826|1|221|4.9|10|6|4|0.085972850678733|0.0221719457013575|0.526315789473684|18.999999999999993|0|0.99|0|0.9520000219345093|0
829|2|109|29.42|2|3|1|0.23853211009174302|0.26990825688073394|0.0769230769230769|25.99999999999999|0|1.0|0|1.0|0
835|1|511|48.61|11|0|2|0.00978473581213307|0.0951272015655577|2.2|4.999999999999999|0|1.0|0|1.0|0
837|2|1065|15.25|4|6|1|0.0150234741784038|0.0143192488262911|0.25|16.000000000000046|0|1.0|0|1.0|0
841|2|788|91.04|1|4|1|0.0050761421319797|0.115532994923858|0.25|4.0000000000000036|0|1.0|0|1.0|0
842|1|872|41.86|3|10|4|0.0252293577981651|0.0480045871559633|0.136363636363636|21.999999999999968|1|0.695|0|0.5109999775886536|0
848|1|1295|45.66|5|7|4|0.0030888030888030897|0.0352586872586873|1.25|4.000000000000001|0|1.0|0|0.9950000047683716|0
849|2|9|40.13|7|2|0|1.0|4.45888888888889|0.7777777777777779|9.0|0|1.0|0|1.0|0
853|2|910|37.98|4|5|3|0.0274725274725275|0.0417362637362637|0.16|25.000000000000025|0|0.995|0|0.9860000014305115|0
859|2|454|63.78|11|5|0|0.0308370044052863|0.140484581497797|0.7857142857142858|13.99999999999998|0|1.0|0|1.0|0
862|1|37|41.8|6|3|1|0.027027027027027|1.12972972972973|6.0|0.999999999999999|0|1.0|0|1.0|0
863|2|858|78.36|3|3|1|0.0174825174825175|0.0913286713286713|0.2|15.000000000000016|0|1.0|0|1.0|0
866|2|939|42.53|8|1|5|0.00638977635782748|0.0452928647497338|1.33333333333333|6.0000000000000036|0|1.0|0|1.0|0
867|2|374|51.06|6|2|2|0.0240641711229947|0.136524064171123|0.666666666666667|9.000000000000018|0|1.0|0|1.0|0
876|2|762|84.22|4|9|1|0.00918635170603675|0.11052493438320199|0.5714285714285711|7.0000000000000036|0|1.0|0|1.0|0
879|1|929|10.95|7|8|4|0.00215285252960172|0.0117868675995694|3.5|1.9999999999999978|0|1.0|0|0.9959999918937683|0
882|1|1603|87.36|8|10|2|0.0180910792264504|0.0544978165938865|0.27586206896551696|28.99999999999999|1|1.0|1|1.0|1
883|2|1678|84.32|3|0|1|0.0131108462455304|0.0502502979737783|0.136363636363636|22.00000000000001|0|1.0|0|0.996999979019165|0
884|1|157|71.51|0|6|1|0.0764331210191083|0.4554777070063689|0.0|12.000000000000004|0|1.0|0|1.0|0
885|1|300|57.97|1|9|1|0.09|0.19323333333333303|0.037037037037037|27.0|1|0.705|1|0.7329999804496765|1
888|2|274|17.49|7|10|0|0.0218978102189781|0.0638321167883212|1.16666666666667|5.999999999999999|0|1.0|0|1.0|0
889|2|443|83.91|0|10|0|0.0383747178329571|0.18941309255079|0.0|16.999999999999996|0|1.0|0|1.0|0
890|1|1009|31.03|3|7|3|0.0287413280475719|0.0307532210109019|0.103448275862069|29.00000000000005|1|0.997|1|0.9760000109672546|1
892|2|514|21.55|6|3|4|0.00194552529182879|0.0419260700389105|6.0|0.999999999999998|0|1.0|0|1.0|0
895|1|1180|34.29|6|9|1|0.0101694915254237|0.0290593220338983|0.5|11.999999999999966|0|0.999|0|0.9940000176429749|0
897|2|347|46.21|0|2|4|0.0778097982708934|0.133170028818444|0.0|27.00000000000001|0|1.0|0|0.9990000128746033|0
900|1|1338|86.13|8|3|5|0.0224215246636771|0.064372197309417|0.266666666666667|29.99999999999996|1|1.0|1|0.9940000176429749|1
903|1|660|6.06|3|7|1|0.0272727272727273|0.00918181818181818|0.166666666666667|18.000000000000018|0|0.998|0|0.996999979019165|0
904|2|1749|44.45|3|0|3|0.0148656375071469|0.0254145225843339|0.115384615384615|25.99999999999993|0|0.982|0|0.9900000095367432|0
911|2|772|10.02|9|3|5|0.0259067357512953|0.012979274611399|0.45|19.99999999999997|0|1.0|0|1.0|0
912|1|1717|26.33|2|4|4|0.0046592894583576|0.0153348864298195|0.25|7.999999999999999|0|1.0|0|0.9990000128746033|0
913|1|214|87.58|6|1|5|0.014018691588784998|0.409252336448598|2.0|2.99999999999999|0|1.0|0|1.0|0
914|2|945|74.81|0|10|3|0.00952380952380952|0.0791640211640212|0.0|8.999999999999996|0|1.0|0|1.0|0
919|1|578|27.34|10|6|1|0.0519031141868512|0.0473010380622837|0.33333333333333304|29.999999999999993|1|1.0|1|0.9829999804496765|1
924|2|1588|58.63|9|2|0|0.0138539042821159|0.0369206549118388|0.409090909090909|22.00000000000005|0|0.995|0|0.9940000176429749|0
929|2|1510|83.44|1|2|2|0.00132450331125828|0.0552582781456954|0.5|2.000000000000003|0|1.0|0|1.0|0
932|2|822|55.56|7|5|2|0.0316301703163017|0.0675912408759124|0.269230769230769|25.999999999999996|0|0.976|0|0.972000002861023|0
933|1|486|46.5|4|1|3|0.037037037037037|0.095679012345679|0.222222222222222|17.999999999999982|0|1.0|0|1.0|0
934|1|1266|11.09|0|0|4|0.0181674565560821|0.008759873617693521|0.0|22.999999999999936|0|0.973|0|0.6129999756813049|0
942|1|777|15.53|9|7|1|0.0231660231660232|0.019987129987130002|0.5|18.000000000000025|0|0.966|0|0.9900000095367432|0
944|1|29|8.35|9|10|0|0.206896551724138|0.287931034482759|1.5|6.000000000000003|0|1.0|0|1.0|0
945|2|1221|52.94|10|5|3|0.00163800163800164|0.0433579033579034|5.0|2.0000000000000027|0|1.0|0|1.0|0
948|2|378|70.18|1|0|2|0.0211640211640212|0.185661375661376|0.125|8.000000000000014|0|1.0|0|1.0|0
949|2|61|31.49|10|1|5|0.18032786885245897|0.516229508196721|0.9090909090909091|10.999999999999996|0|1.0|0|1.0|0
950|1|653|56.89|9|2|2|0.0367534456355283|0.0871209800918836|0.375|23.99999999999998|0|0.688|1|0.6919999718666077|0
951|1|705|35.11|10|10|3|0.0014184397163120599|0.0498014184397163|10.0|1.0000000000000022|0|1.0|0|0.996999979019165|0
953|1|1612|31.34|2|4|3|0.0086848635235732|0.0194416873449132|0.14285714285714302|13.999999999999998|0|0.999|0|0.9990000128746033|0
954|2|1194|89.82|10|7|3|0.0201005025125628|0.0752261306532663|0.4166666666666671|23.999999999999982|0|0.771|0|0.6919999718666077|0
956|2|1754|37.07|9|1|2|0.00741163055872292|0.0211345496009122|0.6923076923076921|13.000000000000002|0|1.0|0|1.0|0
959|2|59|34.06|5|10|4|0.338983050847458|0.57728813559322|0.25|20.00000000000002|0|1.0|0|1.0|0
960|2|1014|24.1|8|10|0|0.00394477317554241|0.023767258382642997|2.0|4.0000000000000036|0|1.0|0|1.0|0
961|2|1135|43.08|11|2|3|0.0114537444933921|0.0379559471365639|0.8461538461538459|13.000000000000034|0|1.0|0|1.0|0
965|1|236|72.36|2|3|2|0.0593220338983051|0.30661016949152503|0.14285714285714302|14.000000000000004|0|1.0|0|1.0|0
966|1|1414|59.27|6|5|4|0.0127298444130127|0.0419165487977369|0.33333333333333304|17.999999999999957|0|0.889|0|0.8349999785423279|0
967|2|224|67.69|0|9|5|0.11607142857142899|0.3021875|0.0|26.000000000000092|0|0.999|0|0.9919999837875366|0
970|2|279|1.9|1|4|5|0.043010752688172005|0.00681003584229391|0.0833333333333333|11.99999999999999|0|1.0|0|1.0|0
978|1|1244|57.08|4|10|0|0.00241157556270096|0.0458842443729904|1.33333333333333|2.9999999999999942|0|1.0|0|0.9940000176429749|0
979|1|256|61.87|4|3|1|0.07421875|0.2416796875|0.21052631578947398|19.0|0|1.0|0|1.0|0
982|2|1303|37.6|3|10|2|0.0153491941673062|0.0288564850345357|0.15|19.99999999999998|0|0.998|0|0.9860000014305115|0
983|1|164|51.79|4|9|5|0.0426829268292683|0.315792682926829|0.5714285714285711|7.000000000000002|0|1.0|0|1.0|0
984|2|131|33.74|11|5|4|0.09923664122137402|0.257557251908397|0.8461538461538459|12.999999999999996|0|1.0|0|1.0|0
985|1|849|54.97|2|7|5|0.0058892815076560705|0.0647467608951708|0.4|5.0000000000000036|0|1.0|0|0.9990000128746033|0
989|2|420|12.45|11|8|5|0.0285714285714286|0.0296428571428571|0.916666666666667|12.00000000000001|0|1.0|0|1.0|0
991|1|422|55.55|5|8|4|0.0497630331753555|0.13163507109004702|0.23809523809523803|21.00000000000002|0|0.92|0|0.8149999976158142|0
995|2|216|21.97|1|5|4|0.0277777777777778|0.101712962962963|0.166666666666667|6.000000000000005|0|1.0|0|1.0|0
997|2|1639|81.7|4|7|0|0.00793166564978645|0.0498474679682733|0.307692307692308|12.999999999999991|0|1.0|0|0.9990000128746033|0
1003|2|949|44.54|0|2|4|0.0189673340358272|0.0469336143308746|0.0|18.000000000000014|0|1.0|0|1.0|0
1005|1|1209|98.16|6|9|2|0.0124069478908189|0.0811910669975186|0.4|15.00000000000005|0|0.975|0|0.984000027179718|0
1009|2|1409|60.44|8|6|5|0.0063875088715401|0.0428956706884315|0.8888888888888891|9.0|0|1.0|0|0.9990000128746033|0
1011|2|1389|61.28|2|6|2|0.0143988480921526|0.0441180705543557|0.1|19.99999999999996|0|1.0|0|0.9950000047683716|0
1012|1|739|32.23|5|1|3|0.0284167794316644|0.0436129905277402|0.23809523809523803|20.99999999999999|0|0.995|0|0.9710000157356262|0
1013|1|300|64.64|7|6|1|0.06|0.21546666666666697|0.38888888888888895|18.0|0|0.999|0|0.9990000128746033|0
1014|2|803|46.35|9|5|2|0.0224159402241594|0.0577210460772105|0.5|18.0|0|1.0|0|1.0|0
1015|2|674|99.3|8|7|3|0.00890207715133531|0.14732937685459901|1.33333333333333|5.999999999999999|0|1.0|0|1.0|0
1016|2|1146|42.83|1|4|5|0.0226876090750436|0.0373734729493892|0.0384615384615385|25.999999999999968|0|0.991|0|0.9959999918937683|0
1017|2|405|71.52|2|0|0|0.0592592592592593|0.17659259259259302|0.0833333333333333|24.000000000000018|0|1.0|0|1.0|0
1019|1|1659|75.72|2|2|5|0.00783604581072935|0.0456419529837251|0.153846153846154|12.999999999999991|0|1.0|0|0.9990000128746033|0
1023|2|553|39.31|1|10|4|0.0307414104882459|0.0710849909584087|0.0588235294117647|16.999999999999982|0|1.0|0|1.0|0
1024|1|1000|76.72|5|5|2|0.024|0.07672000000000001|0.208333333333333|24.0|1|0.729|1|0.953000009059906|1
1025|1|471|43.78|4|3|0|0.0488322717622081|0.0929511677282378|0.17391304347826098|23.000000000000014|0|0.988|0|0.9639999866485596|0
1026|1|157|2.13|5|3|3|0.14012738853503198|0.0135668789808917|0.22727272727272702|22.00000000000002|0|0.998|0|0.9860000014305115|0
1029|1|551|81.87|2|0|2|0.0054446460980036296|0.148584392014519|0.666666666666667|3.0|0|1.0|0|1.0|0
1034|1|976|46.3|7|0|4|0.00307377049180328|0.0474385245901639|2.3333333333333304|3.0000000000000013|0|1.0|0|0.9990000128746033|0
1036|1|1060|88.99|10|2|3|0.0273584905660377|0.0839528301886792|0.34482758620689696|28.99999999999996|1|1.0|1|0.9940000176429749|1
1041|1|900|12.28|2|2|1|0.01|0.0136444444444444|0.222222222222222|9.0|0|1.0|0|1.0|0
1044|2|1672|25.19|6|4|1|0.0119617224880383|0.0150657894736842|0.3|20.00000000000004|0|0.999|0|0.9869999885559082|0
1051|2|1455|27.06|7|1|1|0.0178694158075601|0.0185979381443299|0.269230769230769|25.999999999999947|0|0.973|0|0.9570000171661377|0
1052|2|1796|83.98|8|9|4|0.00779510022271715|0.0467594654788419|0.5714285714285711|14.000000000000002|0|0.999|0|0.9959999918937683|0
1053|2|1332|57.85|6|5|1|0.000750750750750751|0.0434309309309309|6.0|1.0000000000000002|0|1.0|0|1.0|0
1058|2|755|7.48|4|10|5|0.0132450331125828|0.00990728476821192|0.4|10.000000000000014|0|1.0|0|1.0|0
1062|1|768|4.39|2|7|1|0.0390625|0.00571614583333333|0.0666666666666667|30.0|1|0.992|1|0.875|1
1063|1|389|59.25|5|7|1|0.07712082262210801|0.152313624678663|0.166666666666667|30.000000000000014|1|0.99|1|0.625|1
1066|2|462|37.29|0|1|1|0.0346320346320346|0.0807142857142857|0.0|15.999999999999984|0|1.0|0|1.0|0
1068|2|1502|40.29|3|10|0|0.0193075898801598|0.0268242343541944|0.103448275862069|29.000000000000018|1|0.943|1|0.796999990940094|1
1071|1|548|40.69|7|3|1|0.0346715328467153|0.0742518248175182|0.368421052631579|18.999999999999986|0|0.998|0|0.9950000047683716|0
1078|2|929|65.61|4|2|0|0.031216361679225|0.0706243272335845|0.137931034482759|29.000000000000025|0|0.976|0|0.9879999756813049|0
1084|2|504|6.14|6|6|2|0.0555555555555556|0.0121825396825397|0.214285714285714|28.00000000000002|0|0.966|0|0.9070000052452087|0
1093|2|1671|91.2|1|5|3|0.00837821663674446|0.0545780969479354|0.0714285714285714|13.999999999999993|0|1.0|0|0.9990000128746033|0
1099|2|1663|63.73|5|6|4|0.00300661455201443|0.0383223090799759|1.0|4.999999999999997|0|1.0|0|0.9990000128746033|0
1102|1|1554|37.7|10|4|2|0.00965250965250965|0.0242599742599743|0.666666666666667|14.999999999999996|0|0.978|0|0.9929999709129333|0
1106|2|93|85.04|2|3|4|0.032258064516129|0.914408602150538|0.666666666666667|2.999999999999997|0|1.0|0|1.0|0
1113|2|1465|33.97|3|10|5|0.00819112627986348|0.0231877133105802|0.25|11.999999999999998|0|1.0|0|0.9990000128746033|0
1118|1|581|58.38|4|1|1|0.0275387263339071|0.100481927710843|0.25|16.000000000000025|0|1.0|0|1.0|0
1121|1|1758|19.32|0|7|5|0.0164960182025028|0.0109897610921502|0.0|28.999999999999922|1|1.0|1|0.9929999709129333|1
1137|1|839|41.75|10|2|2|0.034564958283670996|0.049761620977354|0.34482758620689696|28.999999999999964|1|0.993|1|0.9779999852180481|1
1139|1|1654|36.28|8|7|5|0.0151148730350665|0.0219347037484885|0.32|24.99999999999999|1|1.0|1|0.9980000257492065|1
1140|1|779|40.17|0|3|5|0.00256739409499358|0.0515661103979461|0.0|1.999999999999999|0|1.0|0|1.0|0
1141|2|612|29.17|10|7|3|0.0147058823529412|0.0476633986928105|1.11111111111111|9.000000000000014|0|1.0|0|1.0|0
1142|1|1158|99.82|10|10|0|0.0224525043177893|0.0862003454231434|0.384615384615385|26.00000000000001|1|1.0|1|0.9980000257492065|1
1144|2|554|70.78|6|0|0|0.0108303249097473|0.127761732851986|1.0|6.000000000000004|0|1.0|0|1.0|0
1145|2|1487|28.62|7|6|2|0.000672494956287828|0.0192468056489576|7.0|1.0000000000000002|0|1.0|0|1.0|0
1146|2|1055|11.61|11|4|4|0.007582938388625591|0.0110047393364929|1.375|7.999999999999998|0|1.0|0|1.0|0
1147|1|827|83.7|5|10|4|0.0108827085852479|0.10120918984280498|0.555555555555556|9.000000000000014|0|1.0|0|0.996999979019165|0
1150|2|1673|49.83|7|2|0|0.0101613867304244|0.0297848176927675|0.411764705882353|17.00000000000002|0|1.0|0|1.0|0
1151|2|1818|57.67|2|4|1|0.0137513751375138|0.0317216721672167|0.08|25.00000000000009|0|0.953|0|0.9760000109672546|0
1153|2|1797|31.25|1|1|3|0.0111296605453534|0.0173900946021146|0.05|20.000000000000057|0|1.0|0|1.0|0
1162|1|834|77.9|2|10|4|0.0311750599520384|0.0934052757793765|0.0769230769230769|26.000000000000025|1|0.981|1|0.9670000076293945|1
1165|1|551|78.39|7|1|3|0.0254083484573503|0.14226860254083498|0.5|14.000000000000016|0|1.0|0|1.0|0
1169|1|781|11.84|10|3|4|0.00768245838668374|0.0151600512163892|1.6666666666666698|6.000000000000001|0|1.0|0|1.0|0
1179|2|860|54.66|5|7|2|0.00813953488372093|0.0635581395348837|0.7142857142857142|7.0|0|1.0|0|1.0|0
1180|1|1578|0.07|2|3|0|0.0139416983523447|4.43599493029151e-05|0.0909090909090909|21.999999999999936|0|0.559|0|0.6990000009536743|0
1182|2|57|21.62|2|4|5|0.0175438596491228|0.37929824561403497|2.0|0.9999999999999996|0|1.0|0|1.0|0
1183|1|1321|13.94|6|1|4|0.0211960635881908|0.010552611657834998|0.214285714285714|28.000000000000046|1|0.992|1|0.9919999837875366|1
1190|2|573|27.9|11|6|3|0.0209424083769634|0.0486910994764398|0.916666666666667|12.000000000000028|0|1.0|0|1.0|0
1191|1|970|6.14|3|3|1|0.0103092783505155|0.0063298969072165|0.3|10.000000000000036|0|1.0|0|1.0|0
1195|2|67|71.46|11|6|2|0.0895522388059701|1.0665671641791|1.8333333333333302|5.9999999999999964|0|1.0|0|1.0|0
1198|2|1743|99.28|11|9|3|0.014916810097533002|0.0569592656339644|0.42307692307692296|26.00000000000002|1|0.988|1|0.949999988079071|1
1206|1|44|19.69|1|4|4|0.31818181818181795|0.4475|0.0714285714285714|13.99999999999999|0|1.0|0|1.0|0
1208|2|810|22.5|9|7|3|0.0135802469135802|0.0277777777777778|0.818181818181818|10.999999999999963|0|1.0|0|1.0|0
1209|1|1602|30.86|3|9|4|0.0124843945068664|0.0192634207240949|0.15|19.999999999999975|1|0.923|0|0.6520000100135803|1
1210|1|871|89.92|2|5|5|0.00229621125143513|0.10323765786452399|1.0|1.9999999999999982|0|1.0|0|1.0|0
1212|2|144|75.04|9|9|0|0.159722222222222|0.5211111111111111|0.39130434782608703|22.999999999999964|0|1.0|0|1.0|0
1214|1|1582|51.93|5|0|2|0.0176991150442478|0.0328255372945638|0.178571428571429|28.00000000000002|1|0.991|1|0.9929999709129333|1
1215|2|320|7.02|8|4|4|0.04375|0.0219375|0.5714285714285711|14.0|0|1.0|0|1.0|0
1218|1|880|78.36|9|9|3|0.0272727272727273|0.0890454545454545|0.375|24.000000000000025|1|0.985|1|0.859000027179718|1
1227|1|400|48.95|11|9|1|0.0225|0.122375|1.22222222222222|9.0|0|1.0|0|0.9990000128746033|0
1228|2|237|98.15|10|4|2|0.0590717299578059|0.414135021097046|0.7142857142857142|13.999999999999998|0|1.0|0|1.0|0
1235|2|1071|86.49|11|4|3|0.0186741363211951|0.0807563025210084|0.55|19.99999999999995|0|0.999|0|0.9990000128746033|0
1238|2|546|56.21|8|4|5|0.0183150183150183|0.102948717948718|0.8|9.999999999999991|0|1.0|0|1.0|0
1242|1|474|65.46|3|10|5|0.0464135021097046|0.138101265822785|0.136363636363636|21.999999999999982|0|0.709|0|0.9440000057220459|0
1243|1|966|47.98|10|4|1|0.0082815734989648|0.0496687370600414|1.25|7.999999999999997|0|1.0|0|0.9940000176429749|0
1244|1|1286|35.54|5|6|2|0.00388802488335925|0.0276360808709176|1.0|4.999999999999996|0|1.0|0|0.996999979019165|0
1248|2|1261|89.41|7|0|0|0.0229976209357653|0.07090404440919901|0.24137931034482799|29.000000000000043|0|0.923|0|0.878000020980835|0
1251|1|1246|62.61|1|9|4|0.014446227929373999|0.0502487961476726|0.0555555555555556|18.000000000000004|0|0.883|0|0.9900000095367432|0
1253|2|183|83.31|0|10|1|0.0601092896174863|0.45524590163934403|0.0|10.999999999999993|0|1.0|0|1.0|0
1254|2|1502|80.34|10|5|5|0.0066577896138482|0.0534886817576565|1.0|9.999999999999996|0|1.0|0|0.9980000257492065|0
1257|2|1191|39.0|9|7|4|0.00923593618807725|0.0327455919395466|0.818181818181818|11.000000000000005|0|1.0|0|1.0|0
1258|2|1668|50.47|1|5|0|0.0113908872901679|0.030257793764987998|0.0526315789473684|19.000000000000057|0|1.0|0|0.9959999918937683|0
1259|1|1004|56.55|11|2|3|0.0059760956175298795|0.0563247011952191|1.8333333333333302|5.999999999999999|0|1.0|0|0.9959999918937683|0
1261|1|1672|54.3|6|0|3|0.0041866028708134|0.0324760765550239|0.857142857142857|7.000000000000004|0|1.0|0|0.9950000047683716|0
1262|1|1783|94.84|3|0|4|0.0151430173864274|0.0531912507010656|0.111111111111111|27.000000000000053|1|0.985|1|0.9399999976158142|1
1264|2|452|81.76|0|10|3|0.0398230088495575|0.180884955752212|0.0|17.99999999999999|0|1.0|0|1.0|0
1269|2|716|34.24|2|8|4|0.0251396648044693|0.0478212290502793|0.111111111111111|18.000000000000018|0|1.0|0|1.0|0
1271|2|820|75.59|5|1|0|0.00365853658536585|0.0921829268292683|1.6666666666666698|2.999999999999997|0|1.0|0|1.0|0
1273|1|181|25.95|1|7|1|0.00552486187845304|0.14337016574585598|1.0|1.0000000000000002|0|1.0|0|1.0|0
1276|2|1803|14.37|11|0|5|0.0155296727676095|0.00797004991680532|0.3928571428571429|27.99999999999993|1|0.897|1|0.8379999995231628|1
1280|2|1819|60.15|0|7|3|0.0164925783397471|0.033067619571192995|0.0|29.999999999999975|1|0.969|1|0.7699999809265137|1
1282|2|1134|26.29|5|6|5|0.0246913580246914|0.0231834215167548|0.178571428571429|28.000000000000046|1|0.5|0|0.8709999918937683|0
1283|2|240|44.13|3|9|1|0.00833333333333333|0.183875|1.5|1.9999999999999991|0|1.0|0|1.0|0
1284|2|1400|44.37|10|1|2|0.02|0.0316928571428571|0.3571428571428571|28.0|0|0.594|1|0.6740000247955322|1
1285|1|832|74.83|6|10|3|0.0180288461538462|0.0899399038461538|0.4|15.000000000000039|0|0.992|0|0.9990000128746033|0
1288|2|1737|62.35|4|0|4|0.008059873344847441|0.035895221646517|0.28571428571428603|14.000000000000005|0|1.0|0|1.0|0
1289|2|542|75.82|5|9|1|0.0036900369003690005|0.139889298892989|2.5|1.9999999999999982|0|1.0|0|1.0|0
1290|1|775|54.85|0|6|3|0.00129032258064516|0.0707741935483871|0.0|0.999999999999999|0|1.0|0|1.0|0
1292|2|328|2.51|9|9|4|0.0762195121951219|0.00765243902439024|0.36|24.999999999999982|0|0.974|0|0.8009999990463257|0
1293|2|911|92.23|1|3|4|0.0197585071350165|0.10124039517014301|0.0555555555555556|18.000000000000032|0|1.0|0|1.0|0
1303|2|1197|75.33|5|1|0|0.0150375939849624|0.0629323308270677|0.277777777777778|17.999999999999993|0|1.0|0|1.0|0
1304|2|820|79.73|7|4|1|0.0280487804878049|0.0972317073170732|0.304347826086957|23.000000000000018|0|1.0|0|1.0|0
1305|1|1730|44.92|7|8|3|0.0092485549132948|0.0259653179190751|0.4375|16.000000000000004|1|0.511|0|0.9869999885559082|0
1310|2|1142|89.43|6|1|2|0.00350262697022767|0.0783099824868652|1.5|3.999999999999999|0|1.0|0|1.0|0
1313|1|421|6.8|9|9|2|0.0665083135391924|0.0161520190023753|0.32142857142857106|28.0|1|0.997|1|0.9929999709129333|1
1319|1|357|54.28|6|10|4|0.0448179271708683|0.152044817927171|0.375|15.999999999999982|0|0.998|0|1.0|0
1320|1|1820|3.41|10|10|1|0.0148351648351648|0.0018736263736263698|0.37037037037037|26.999999999999936|1|1.0|1|1.0|1
1328|1|1753|14.41|5|1|1|0.0062749572162008|0.00822019395322305|0.45454545454545503|11.000000000000002|0|1.0|0|0.9980000257492065|0
1330|1|1509|77.05|9|5|0|0.00596421471172962|0.0510603048376408|1.0|8.999999999999996|0|1.0|0|0.9629999995231628|0
1331|1|1805|78.97|11|5|1|0.00110803324099723|0.0437506925207756|5.5|2.0|0|1.0|0|0.8529999852180481|0
1333|2|759|66.07|10|9|0|0.0237154150197628|0.0870487483530962|0.555555555555556|17.999999999999964|0|1.0|0|1.0|0
1334|2|932|34.86|1|8|4|0.00429184549356223|0.0374034334763948|0.25|3.9999999999999982|0|1.0|0|1.0|0
1339|1|424|97.86|8|8|2|0.0707547169811321|0.230801886792453|0.266666666666667|30.00000000000001|1|0.997|1|0.7120000123977661|1
1340|2|850|94.74|10|1|5|0.0058823529411764705|0.11145882352941199|2.0|5.0|0|1.0|0|1.0|0
1341|1|1314|32.61|3|10|5|0.0175038051750381|0.0248173515981735|0.130434782608696|23.000000000000064|1|0.989|1|0.8669999837875366|1
1342|2|335|24.87|2|2|2|0.017910447761194|0.0742388059701493|0.33333333333333304|5.99999999999999|0|1.0|0|1.0|0
1347|2|1355|76.25|8|1|0|0.0103321033210332|0.0562730627306273|0.5714285714285711|13.999999999999986|0|1.0|0|1.0|0
1350|1|934|1.27|6|4|0|0.019271948608137|0.00135974304068522|0.33333333333333304|17.999999999999957|0|0.994|0|0.9980000257492065|0
1352|2|1293|97.6|8|10|4|0.0116009280742459|0.0754833720030936|0.5333333333333329|14.999999999999948|0|1.0|0|1.0|0
1354|1|1047|42.31|10|4|0|0.005730659025787971|0.0404106972301815|1.6666666666666698|6.000000000000005|0|1.0|0|0.9929999709129333|0
1357|1|1292|18.62|7|4|1|0.00309597523219814|0.0144117647058824|1.75|3.999999999999997|0|1.0|0|0.9980000257492065|0
1358|1|467|93.26|6|4|3|0.0471092077087794|0.19970021413276198|0.272727272727273|21.999999999999982|0|0.98|0|0.953000009059906|0
1363|2|1789|43.78|0|6|1|0.00670765790944662|0.0244717719396311|0.0|12.000000000000004|0|1.0|0|1.0|0
1364|2|786|30.36|10|3|3|0.0089058524173028|0.0386259541984733|1.42857142857143|7.000000000000001|0|1.0|0|1.0|0
1367|2|1706|27.13|4|9|3|0.0023446658851113697|0.0159026963657679|1.0|3.999999999999997|0|1.0|0|1.0|0
1368|2|1300|99.59|0|9|1|0.0223076923076923|0.0766076923076923|0.0|28.99999999999999|1|0.619|1|0.5220000147819519|1
1370|2|1793|6.71|5|7|0|0.015058561070831|0.00374233128834356|0.185185185185185|26.999999999999986|1|0.897|1|0.8259999752044678|0
1371|1|1476|64.39|9|8|4|0.0121951219512195|0.0436246612466125|0.5|17.999999999999982|1|0.801|0|0.968999981880188|1
1374|2|187|74.73|0|5|3|0.0160427807486631|0.399625668449198|0.0|2.9999999999999996|0|1.0|0|1.0|0
1375|1|1516|98.59|1|8|1|0.0191292875989446|0.065032981530343|0.0344827586206897|29.000000000000014|1|1.0|1|0.9990000128746033|1
1381|2|1099|6.87|5|9|3|0.00818926296633303|0.00625113739763421|0.555555555555556|9.0|0|1.0|0|1.0|0
1382|2|380|76.39|7|5|5|0.0131578947368421|0.201026315789474|1.4|4.999999999999997|0|1.0|0|1.0|0
1383|2|176|36.53|5|3|2|0.0625|0.20755681818181798|0.45454545454545503|11.0|0|1.0|0|1.0|0
1384|1|1280|14.65|10|0|3|0.0078125|0.0114453125|1.0|10.0|0|1.0|0|0.996999979019165|0
1386|1|213|29.27|4|7|0|0.0610328638497653|0.137417840375587|0.307692307692308|13.000000000000009|0|1.0|0|1.0|0
1387|2|1829|40.38|4|8|1|0.0038272279934390397|0.0220776380535812|0.5714285714285711|7.0000000000000036|0|1.0|0|1.0|0
1388|2|937|3.88|8|5|3|0.0213447171824973|0.00414087513340448|0.4|19.99999999999997|0|1.0|0|1.0|0
1390|1|174|87.7|10|0|1|0.0574712643678161|0.504022988505747|1.0|10.000000000000002|0|1.0|0|1.0|0
1391|1|719|52.85|2|7|2|0.0375521557719054|0.0735048678720445|0.0740740740740741|26.999999999999982|1|0.911|1|0.9739999771118164|1
1400|1|161|23.69|3|0|2|0.167701863354037|0.147142857142857|0.111111111111111|26.999999999999957|0|0.984|0|0.9300000071525574|0
1401|2|916|17.01|8|0|5|0.0131004366812227|0.0185698689956332|0.666666666666667|11.999999999999993|0|1.0|0|1.0|0
1404|2|1173|92.99|0|8|5|0.0196078431372549|0.0792753623188406|0.0|23.0|0|0.995|0|0.9850000143051147|0
1405|1|1735|7.58|10|3|4|0.00979827089337176|0.00436887608069164|0.588235294117647|17.000000000000004|0|0.61|0|0.9629999995231628|0
1406|1|647|85.62|4|2|2|0.0185471406491499|0.132333848531685|0.33333333333333304|11.999999999999986|0|1.0|0|1.0|0
1407|2|553|43.31|5|0|3|0.00723327305605787|0.0783182640144666|1.25|4.000000000000003|0|1.0|0|1.0|0
1408|1|650|84.73|1|0|5|0.0123076923076923|0.130353846153846|0.125|7.999999999999996|0|1.0|0|1.0|0
1411|1|913|95.01|8|0|0|0.0306681270536692|0.104063526834611|0.28571428571428603|27.99999999999998|1|0.851|1|0.984000027179718|1
1412|2|677|1.76|6|5|0|0.0162481536189069|0.00259970457902511|0.545454545454545|10.999999999999972|0|1.0|0|1.0|0
1420|1|1280|15.53|5|2|5|0.0046875|0.0121328125|0.833333333333333|6.0|0|1.0|0|1.0|0
1425|2|209|82.32|8|10|4|0.07655502392344501|0.393875598086124|0.5|16.000000000000007|0|1.0|0|1.0|0
1426|1|1325|38.1|10|7|1|0.0181132075471698|0.0287547169811321|0.4166666666666671|23.999999999999982|1|0.996|1|0.9919999837875366|1
1427|2|1526|79.95|10|0|1|0.009829619921363041|0.052391874180865|0.666666666666667|15.0|0|1.0|0|0.9990000128746033|0
1430|2|1458|10.4|7|7|1|0.014403292181069999|0.007133058984910841|0.33333333333333304|21.00000000000006|0|0.983|0|0.984000027179718|0
1434|1|1798|77.97|4|6|4|0.0100111234705228|0.0433648498331479|0.222222222222222|17.999999999999993|1|0.5|0|0.9819999933242798|0
1441|1|892|94.62|10|6|0|0.0201793721973094|0.10607623318385699|0.555555555555556|17.999999999999982|0|0.963|0|0.9909999966621399|0
1446|2|131|12.21|7|7|3|0.0610687022900763|0.093206106870229|0.875|7.999999999999996|0|1.0|0|1.0|0
1452|2|355|61.15|6|5|0|0.0845070422535211|0.17225352112676098|0.2|29.99999999999999|0|0.972|0|0.9950000047683716|0
1455|1|1049|40.41|5|8|5|0.0133460438512869|0.0385224022878932|0.3571428571428571|13.99999999999996|0|0.996|0|0.9959999918937683|0
1460|2|1714|83.56|11|2|5|0.0163360560093349|0.0487514585764294|0.3928571428571429|28.000000000000018|1|0.923|1|0.8679999709129333|1
1461|2|1203|48.35|3|1|1|0.0199501246882793|0.0401911886949293|0.125|24.0|0|1.0|0|1.0|0
1463|1|1749|71.1|1|2|1|0.00686106346483705|0.0406518010291595|0.0833333333333333|12.0|0|1.0|0|0.9980000257492065|0
1465|1|174|96.0|0|2|2|0.109195402298851|0.5517241379310339|0.0|19.000000000000075|0|1.0|0|1.0|0
1466|2|1641|51.34|10|6|2|0.0152346130408288|0.031285801340646|0.4|25.00000000000006|1|0.722|1|0.5109999775886536|1
1467|1|900|69.02|6|5|4|0.0111111111111111|0.0766888888888889|0.6|9.99999999999999|0|1.0|0|0.9980000257492065|0
1469|1|1054|4.08|5|6|5|0.023719165085389|0.0038709677419354795|0.2|25.000000000000004|1|0.973|1|0.9760000109672546|1
1470|1|963|38.73|9|1|1|0.00311526479750779|0.0402180685358255|3.0|3.0000000000000018|0|1.0|0|0.9990000128746033|0
1472|2|179|6.49|11|5|4|0.0279329608938547|0.0362569832402235|2.2|4.999999999999991|0|1.0|0|1.0|0
1475|2|150|60.24|4|3|1|0.0533333333333333|0.4016|0.5|7.999999999999996|0|1.0|0|1.0|0
1478|1|46|21.96|11|4|1|0.5217391304347829|0.477391304347826|0.4583333333333329|24.000000000000014|0|0.948|0|0.9369999766349792|0
1480|2|1765|85.29|8|5|3|0.0113314447592068|0.0483229461756374|0.4|20.0|0|0.986|0|0.968999981880188|0
1485|1|1266|45.08|9|3|0|0.00631911532385466|0.035608214849921|1.125|8.0|0|1.0|0|0.9980000257492065|0
1488|1|1029|99.19|2|8|1|0.0165208940719145|0.0963945578231293|0.11764705882352902|17.00000000000002|0|0.993|0|0.9879999756813049|0
1489|1|68|38.57|10|2|3|0.323529411764706|0.567205882352941|0.45454545454545503|22.000000000000007|0|0.997|0|0.9980000257492065|0
1491|1|1676|39.23|8|10|1|0.00477326968973747|0.0234069212410501|1.0|8.0|0|0.999|0|0.9869999885559082|0
1496|2|842|7.33|3|6|1|0.0356294536817102|0.00870546318289786|0.1|29.99999999999999|0|0.736|0|0.9789999723434448|0
1501|1|151|67.03|9|8|0|0.00662251655629139|0.44390728476821206|9.0|0.9999999999999999|0|1.0|0|1.0|0
1504|1|62|97.71|9|5|5|0.32258064516129|1.5759677419354798|0.45|19.99999999999998|0|0.999|0|0.9980000257492065|0
1507|2|1817|9.95|10|7|3|0.0126582278481013|0.00547605943863511|0.43478260869565205|23.000000000000064|1|0.732|0|0.9190000295639038|0
1512|2|1000|12.51|9|7|1|0.011000000000000001|0.01251|0.818181818181818|11.000000000000002|0|1.0|0|1.0|0
1518|1|1578|94.43|3|6|3|0.00190114068441065|0.0598415716096325|1.0|3.0000000000000058|0|1.0|0|0.9819999933242798|0
1519|1|722|55.25|1|4|2|0.03601108033241|0.0765235457063712|0.0384615384615385|26.00000000000002|0|0.66|1|0.6790000200271606|0
1525|2|1579|63.52|10|0|5|0.0164661177960735|0.0402279924002533|0.384615384615385|26.000000000000057|0|0.807|0|0.7049999833106995|0
1529|1|1362|80.43|7|10|1|0.00881057268722467|0.0590528634361233|0.583333333333333|12.000000000000002|0|0.993|0|0.9900000095367432|0
1537|2|1497|34.02|1|0|3|0.0187040748162993|0.0227254509018036|0.0357142857142857|28.000000000000053|0|0.971|0|0.9229999780654907|0
1540|1|1084|10.62|9|8|4|0.014760147601476002|0.0097970479704797|0.5625|15.999999999999986|0|0.892|0|0.996999979019165|0
1545|2|154|4.4|2|4|5|0.0454545454545455|0.0285714285714286|0.28571428571428603|7.000000000000006|0|1.0|0|1.0|0
1546|1|63|99.7|8|10|5|0.0317460317460317|1.58253968253968|4.0|1.9999999999999973|0|1.0|0|1.0|0
1556|2|607|78.51|11|1|5|0.014827018121911001|0.129341021416804|1.22222222222222|8.999999999999977|0|1.0|0|1.0|0
1558|1|151|18.3|9|8|0|0.11258278145695401|0.121192052980132|0.529411764705882|17.000000000000057|0|1.0|0|1.0|0
1560|1|1730|11.13|8|7|0|0.0121387283236994|0.00643352601156069|0.38095238095238104|20.99999999999996|1|0.949|0|0.6370000243186951|1
1561|1|182|60.35|11|8|4|0.021978021978022|0.33159340659340697|2.75|4.000000000000004|0|1.0|0|1.0|0
1565|1|670|26.13|10|7|0|0.0447761194029851|0.039|0.33333333333333304|30.000000000000018|1|1.0|1|0.996999979019165|1
1566|1|886|97.49|4|9|0|0.0056433408577878106|0.11003386004514698|0.8|5.0|0|1.0|0|0.9980000257492065|0
1569|2|1323|43.26|4|6|5|0.018896447467876|0.0326984126984127|0.16|24.999999999999947|0|0.947|0|0.8989999890327454|0
1570|2|1425|72.87|4|2|1|0.0168421052631579|0.0511368421052632|0.166666666666667|24.00000000000001|0|0.998|0|0.996999979019165|0
1571|2|354|0.58|7|3|1|0.0282485875706215|0.00163841807909605|0.7|10.00000000000001|0|1.0|0|1.0|0
1574|2|180|15.39|6|3|2|0.15|0.0855|0.222222222222222|27.0|0|1.0|0|0.9950000047683716|0
1577|1|1823|24.46|4|4|5|0.0148107515085025|0.0134174437739989|0.148148148148148|27.000000000000057|1|1.0|1|0.9409999847412109|1
1579|2|1253|40.43|4|6|1|0.0167597765363128|0.0322665602553871|0.19047619047619|20.99999999999994|0|1.0|0|0.9959999918937683|0
1582|1|27|95.3|3|2|3|0.8888888888888891|3.5296296296296297|0.125|24.000000000000004|0|1.0|0|0.9990000128746033|0
1584|1|614|71.57|6|8|2|0.0472312703583062|0.116563517915309|0.206896551724138|29.000000000000007|1|0.997|1|0.9779999852180481|1
1585|1|1486|36.36|9|4|4|0.0060565275908479104|0.0244683714670256|1.0|8.999999999999995|0|1.0|0|0.9990000128746033|0
1587|1|1509|4.08|10|9|3|0.0132538104705103|0.0027037773359841|0.5|20.000000000000043|1|0.964|1|0.7080000042915344|1
1588|1|1103|90.95|3|5|1|0.0235720761559383|0.0824569356300997|0.115384615384615|25.999999999999947|1|0.899|1|0.9509999752044678|1
1596|1|1211|0.8|10|4|0|0.0181668042939719|0.0006606110652353429|0.45454545454545503|21.99999999999997|1|0.622|0|0.7829999923706055|1
1597|1|117|32.84|9|0|4|0.170940170940171|0.280683760683761|0.45|20.000000000000007|0|1.0|0|1.0|0
1598|2|63|72.05|10|0|1|0.33333333333333304|1.14365079365079|0.47619047619047605|20.999999999999982|0|1.0|0|1.0|0
1599|2|734|8.12|4|0|0|0.0408719346049046|0.0110626702997275|0.133333333333333|29.999999999999975|0|0.994|0|0.9900000095367432|0
1600|1|1406|77.48|7|1|5|0.0163584637268848|0.0551066856330014|0.304347826086957|23.00000000000003|1|0.612|0|0.6880000233650208|1
1601|1|481|92.12|5|4|3|0.0103950103950104|0.191517671517672|1.0|5.000000000000003|0|1.0|0|1.0|0
1603|2|965|64.51|5|1|5|0.0186528497409326|0.0668497409326425|0.277777777777778|17.999999999999957|0|1.0|0|1.0|0
1608|2|1534|99.01|10|3|1|0.014993481095176002|0.0645436766623207|0.43478260869565205|22.999999999999986|0|0.965|0|0.9829999804496765|0
1609|1|1207|28.32|9|10|3|0.00911350455675228|0.0234631317315659|0.818181818181818|11.000000000000002|0|0.999|0|0.9950000047683716|0
1611|2|1598|14.79|10|10|5|0.0018773466833541899|0.00925531914893617|3.3333333333333304|2.9999999999999956|0|1.0|0|0.9990000128746033|0
1618|2|1759|98.46|5|4|4|0.0159181353041501|0.0559749857873792|0.178571428571429|28.00000000000003|1|0.825|0|0.8019999861717224|1
1621|1|1264|42.18|0|6|4|0.0142405063291139|0.033370253164557|0.0|17.999999999999968|0|0.996|0|0.9599999785423279|0
1623|2|315|33.18|2|7|4|0.0507936507936508|0.105333333333333|0.125|16.000000000000004|0|1.0|0|1.0|0
1624|1|88|40.15|10|1|3|0.0113636363636364|0.45625|10.0|1.0000000000000033|0|1.0|0|1.0|0
1625|1|1809|64.74|1|8|1|0.0127142067440575|0.035787728026533995|0.0434782608695652|23.000000000000018|1|0.966|1|0.9850000143051147|1
1627|2|1173|29.03|8|2|5|0.00426257459505541|0.0247485080988917|1.6|4.9999999999999964|0|1.0|0|1.0|0
1629|1|612|31.64|0|7|4|0.0130718954248366|0.0516993464052288|0.0|7.999999999999999|0|1.0|0|1.0|0
1633|2|1023|73.78|2|3|4|0.00293255131964809|0.0721212121212121|0.666666666666667|2.999999999999996|0|1.0|0|1.0|0
1637|1|808|11.71|10|4|2|0.0148514851485149|0.0144925742574257|0.833333333333333|12.000000000000039|0|1.0|0|1.0|0
1638|2|410|62.06|9|4|5|0.024390243902439|0.151365853658537|0.9|9.999999999999991|0|1.0|0|1.0|0
1651|1|1814|91.08|4|5|0|0.000551267916207277|0.0502094818081588|4.0|1.0000000000000004|0|1.0|0|0.9879999756813049|0
1663|2|1117|80.84|5|1|3|0.0134288272157565|0.0723724261414503|0.33333333333333304|15.00000000000001|0|1.0|0|1.0|0
1668|2|522|6.78|4|3|4|0.0325670498084291|0.0129885057471264|0.23529411764705901|16.999999999999993|0|1.0|0|1.0|0
1676|1|1265|14.8|5|4|2|0.0063241106719367605|0.011699604743083|0.625|8.000000000000002|0|1.0|0|1.0|0
1684|1|1054|35.18|1|3|3|0.00094876660341556|0.0333776091081594|1.0|1.0000000000000002|0|1.0|0|1.0|0
1687|2|1793|2.33|10|5|1|0.011154489682096999|0.0012994980479643099|0.5|19.99999999999992|0|0.989|0|0.9900000095367432|0
1689|2|1649|55.81|1|10|0|0.005457853244390539|0.033844754396604004|0.111111111111111|9.0|0|1.0|0|0.9990000128746033|0
1691|2|681|0.61|3|8|2|0.026431718061674|0.000895741556534508|0.166666666666667|17.999999999999993|0|1.0|0|1.0|0
1692|2|1210|25.72|4|3|3|0.0008264462809917361|0.0212561983471074|4.0|1.0000000000000007|0|1.0|0|1.0|0
1695|1|1709|34.83|8|0|0|0.00292568753657109|0.0203803393797542|1.6|4.999999999999993|0|1.0|0|1.0|0
1697|1|673|77.29|9|8|1|0.037147102526003|0.11484398216939098|0.36|25.000000000000018|1|0.967|1|0.9380000233650208|1
1700|1|298|14.91|5|8|5|0.0671140939597315|0.0500335570469799|0.25|19.99999999999999|0|0.992|0|0.9750000238418579|0
1705|1|1315|89.78|5|3|1|0.00228136882129278|0.0682737642585551|1.6666666666666698|3.0000000000000058|0|1.0|0|1.0|0
1706|1|1236|67.97|7|4|2|0.0113268608414239|0.0549919093851133|0.5|13.999999999999941|0|1.0|0|1.0|0
1712|2|456|88.51|10|6|0|0.00219298245614035|0.194100877192982|10.0|0.9999999999999996|0|1.0|0|1.0|0
1715|1|2|34.07|5|9|4|0.5|17.035|5.0|1.0|0|1.0|0|1.0|0
1718|1|667|26.44|10|7|4|0.00149925037481259|0.039640179910044995|10.0|0.9999999999999976|0|1.0|0|0.9990000128746033|0
1719|2|303|88.23|11|5|1|0.0297029702970297|0.29118811881188106|1.22222222222222|9.0|0|1.0|0|1.0|0
1721|1|1309|27.63|2|5|4|0.0068754774637127605|0.0211077158135982|0.222222222222222|9.000000000000004|0|1.0|0|0.9990000128746033|0
1725|1|385|44.73|4|8|2|0.0285714285714286|0.11618181818181801|0.36363636363636404|11.00000000000001|0|1.0|0|1.0|0
1726|1|1538|60.68|8|6|5|0.0123537061118336|0.0394538361508453|0.421052631578947|19.000000000000078|1|0.594|0|0.7680000066757202|1
1728|1|532|93.35|0|4|4|0.0112781954887218|0.17546992481203|0.0|5.999999999999998|0|1.0|0|1.0|0
1731|1|1367|65.92|5|1|0|0.0197512801755669|0.04822238478419901|0.185185185185185|26.999999999999954|1|0.935|1|0.9049999713897705|1
1732|2|1265|10.51|6|7|5|0.0126482213438735|0.00830830039525692|0.375|15.999999999999979|0|1.0|0|1.0|0
1733|2|922|26.5|9|10|2|0.0032537960954446897|0.0287418655097614|3.0|3.000000000000004|0|1.0|0|1.0|0
1734|2|1553|63.32|7|8|1|0.00193174500965873|0.0407726980038635|2.3333333333333304|3.000000000000008|0|1.0|0|0.996999979019165|0
1735|1|93|48.98|5|8|0|0.11827956989247301|0.5266666666666671|0.45454545454545503|10.99999999999999|0|1.0|0|1.0|0
1737|1|679|90.5|7|4|5|0.0265095729013255|0.13328424153166402|0.38888888888888895|18.000000000000014|0|0.998|0|1.0|0
1738|1|350|14.49|9|8|2|0.0457142857142857|0.0414|0.5625|15.999999999999995|0|0.999|0|0.9990000128746033|0
1740|2|1576|60.52|5|7|2|0.00697969543147208|0.0384010152284264|0.45454545454545503|10.999999999999998|0|1.0|0|0.9990000128746033|0
1741|1|1772|39.42|3|9|3|0.00225733634311512|0.0222460496613996|0.75|3.999999999999993|0|1.0|0|0.9760000109672546|0
1750|2|987|26.32|6|5|0|0.0263424518743668|0.0266666666666667|0.23076923076923103|26.000000000000032|0|0.982|0|0.9879999756813049|0
1754|1|467|87.58|0|8|2|0.0578158458244111|0.18753747323340503|0.0|26.999999999999982|1|0.663|1|0.8730000257492065|1
1755|1|1308|74.42|6|5|3|0.00535168195718654|0.0568960244648318|0.857142857142857|6.999999999999994|0|1.0|0|0.9900000095367432|0
1756|2|453|36.03|2|4|0|0.0022075055187638|0.0795364238410596|2.0|1.0000000000000013|0|1.0|0|1.0|0
1758|1|511|60.59|3|3|2|0.050880626223092|0.118571428571429|0.115384615384615|26.000000000000014|0|0.868|0|0.9900000095367432|0
1760|2|160|92.21|6|0|4|0.08125|0.5763125|0.46153846153846206|13.0|0|1.0|0|1.0|0
1761|2|55|12.86|11|9|2|0.25454545454545496|0.233818181818182|0.7857142857142858|14.000000000000023|0|1.0|0|1.0|0
1762|2|1637|70.76|1|4|0|0.0018326206475259602|0.0432254123396457|0.33333333333333304|2.999999999999997|0|1.0|0|1.0|0
1764|2|28|54.84|7|3|1|1.0|1.9585714285714297|0.25|28.0|0|1.0|0|0.9959999918937683|0
1765|1|500|5.88|4|1|0|0.002|0.01176|4.0|1.0|0|1.0|0|1.0|0
1767|2|741|51.85|4|10|4|0.00269905533063428|0.0699730094466937|2.0|2.0000000000000013|0|1.0|0|1.0|0
1768|2|1560|33.53|3|1|4|0.00128205128205128|0.0214935897435897|1.5|1.999999999999997|0|1.0|0|1.0|0
1769|1|321|43.28|11|7|5|0.0903426791277259|0.134828660436137|0.37931034482758597|29.00000000000001|1|1.0|1|0.9789999723434448|1
1772|2|1178|26.85|2|0|0|0.00764006791171477|0.0227928692699491|0.222222222222222|8.999999999999998|0|1.0|0|1.0|0
1773|2|50|4.1|2|5|3|0.54|0.08199999999999999|0.0740740740740741|27.0|0|1.0|0|0.9980000257492065|0
1775|2|1493|12.28|11|7|2|0.00736771600803751|0.00822505023442733|1.0|11.000000000000002|0|1.0|0|0.9990000128746033|0
1776|1|242|39.24|8|5|4|0.0330578512396694|0.162148760330579|1.0|7.999999999999996|0|1.0|0|1.0|0
1779|1|1625|89.93|11|3|0|0.0116923076923077|0.0553415384615385|0.578947368421053|19.00000000000001|0|0.555|0|0.9459999799728394|1
1781|2|941|90.78|9|2|3|0.0159404888416578|0.0964718384697131|0.6|14.999999999999991|0|1.0|0|1.0|0
1785|1|1262|65.81|9|3|5|0.0110935023771791|0.0521473851030111|0.6428571428571429|14.000000000000025|0|0.999|0|0.9990000128746033|0
1786|1|1007|76.01|1|6|1|0.00198609731876862|0.0754816285998014|0.5|2.0000000000000004|0|1.0|0|0.9950000047683716|0
1787|2|826|34.47|1|1|2|0.0024213075060532697|0.0417312348668281|0.5|2.000000000000001|0|1.0|0|1.0|0
1788|2|467|92.95|6|3|4|0.0578158458244111|0.199036402569593|0.222222222222222|26.999999999999982|0|0.997|0|0.9990000128746033|0
1789|1|1681|60.33|10|0|0|0.0136823319452707|0.0358893515764426|0.43478260869565205|23.000000000000046|1|0.843|1|0.5040000081062317|1
1790|2|166|23.92|11|2|5|0.07228915662650601|0.144096385542169|0.916666666666667|11.999999999999996|0|1.0|0|1.0|0
1792|2|772|73.41|7|7|1|0.0246113989637306|0.0950906735751295|0.368421052631579|19.00000000000002|0|1.0|0|1.0|0
1793|2|1767|63.45|11|1|1|0.0130164119977363|0.0359083191850594|0.4782608695652171|23.000000000000043|0|0.959|0|0.9860000014305115|0
1794|1|498|61.62|2|0|2|0.0381526104417671|0.123734939759036|0.10526315789473699|19.000000000000014|0|1.0|0|1.0|0
1798|2|1571|12.01|8|8|5|0.0063653723742839|0.007644812221514959|0.8|10.000000000000007|0|1.0|0|0.9990000128746033|0
1800|1|1381|69.57|1|9|4|0.0166545981173063|0.0503765387400435|0.0434782608695652|23.0|1|0.912|1|0.9660000205039978|1
1802|1|796|28.96|5|3|2|0.0201005025125628|0.0363819095477387|0.3125|15.99999999999999|0|1.0|0|1.0|0
1803|1|338|36.45|10|10|5|0.0710059171597633|0.10784023668639099|0.4166666666666671|23.999999999999996|1|0.936|1|0.5400000214576721|1
1805|2|1027|39.9|0|4|2|0.0116845180136319|0.0388510223953262|0.0|11.999999999999963|0|1.0|0|1.0|0
1808|1|1380|54.08|8|4|1|0.0101449275362319|0.0391884057971014|0.5714285714285711|14.000000000000023|0|0.999|0|1.0|0
1809|2|755|56.06|11|5|3|0.0198675496688742|0.0742516556291391|0.733333333333333|15.000000000000021|0|1.0|0|1.0|0
1810|1|383|3.35|3|8|1|0.0234986945169713|0.0087467362924282|0.33333333333333304|9.000000000000007|0|1.0|0|1.0|0
1811|2|1461|39.82|6|9|1|0.0171115674195756|0.0272553045859001|0.24|24.999999999999954|0|0.547|1|0.7860000133514404|1
1814|2|770|9.17|11|10|5|0.0298701298701299|0.0119090909090909|0.4782608695652171|23.000000000000025|0|0.915|0|0.9990000128746033|0
1815|1|866|44.22|3|9|5|0.0184757505773672|0.0510623556581986|0.1875|15.999999999999993|0|0.998|0|0.9990000128746033|0
1817|2|1775|5.79|11|8|4|0.0140845070422535|0.00326197183098592|0.44|24.999999999999964|1|0.955|1|0.8389999866485596|1
1822|2|1689|13.7|8|1|1|0.0177619893428064|0.00811130846654825|0.266666666666667|30.00000000000001|1|0.864|0|0.6510000228881836|1
1824|2|837|8.07|2|6|1|0.03584229390681|0.0096415770609319|0.0666666666666667|29.999999999999968|0|0.864|0|0.9800000190734863|0
1825|1|36|35.02|8|10|1|0.25|0.972777777777778|0.8888888888888891|9.0|0|1.0|0|1.0|0
1827|1|1133|24.49|3|3|1|0.0114739629302736|0.0216151809355693|0.23076923076923103|12.99999999999999|0|1.0|0|1.0|0
1829|2|77|66.01|5|3|5|0.36363636363636404|0.8572727272727271|0.178571428571429|28.000000000000032|0|1.0|0|0.9990000128746033|0
1834|2|303|46.79|3|2|3|0.0231023102310231|0.154422442244224|0.42857142857142894|7.0|0|1.0|0|1.0|0
1837|1|756|15.41|10|4|2|0.0158730158730159|0.0203835978835979|0.833333333333333|12.00000000000002|0|1.0|0|1.0|0
1838|1|1465|58.95|10|0|2|0.0170648464163823|0.0402389078498294|0.4|25.000000000000068|1|0.948|1|0.984000027179718|1
1839|1|358|34.74|7|6|4|0.00558659217877095|0.0970391061452514|3.5|2.0|0|1.0|0|1.0|0
1841|2|1539|11.13|9|1|5|0.00454840805717999|0.00723196881091618|1.28571428571429|7.000000000000005|0|1.0|0|1.0|0
1842|1|724|14.52|9|5|5|0.0069060773480663|0.0200552486187845|1.8|5.000000000000001|0|1.0|0|1.0|0
1844|2|1259|20.78|3|5|4|0.007148530579825259|0.016505162827641|0.33333333333333304|9.000000000000002|0|1.0|0|1.0|0
1848|2|1211|88.88|8|1|5|0.0033030553261767103|0.0733938893476466|2.0|3.999999999999996|0|1.0|0|1.0|0
1852|1|801|73.63|6|1|4|0.034956304619226|0.0919225967540574|0.214285714285714|28.000000000000025|1|0.875|1|0.8840000033378601|1
1853|2|1397|8.48|1|5|3|0.0171796707229778|0.00607015032211883|0.0416666666666667|23.999999999999986|0|0.997|0|0.9810000061988831|0
1857|1|1400|59.43|3|6|2|0.0164285714285714|0.04245|0.130434782608696|22.99999999999996|1|0.765|1|0.8399999737739563|1
1860|2|431|12.24|10|5|0|0.0533642691415313|0.0283990719257541|0.43478260869565205|22.99999999999999|0|1.0|0|0.9990000128746033|0
1863|1|1134|14.51|7|2|4|0.00264550264550265|0.0127954144620811|2.3333333333333304|3.0000000000000053|0|1.0|0|1.0|0
1865|2|1827|68.94|6|5|1|0.00821018062397373|0.0377339901477833|0.4|15.000000000000004|0|1.0|0|0.9990000128746033|0
1867|2|206|71.3|4|0|4|0.106796116504854|0.34611650485436896|0.18181818181818202|21.999999999999925|0|1.0|0|1.0|0
1870|2|195|2.1|1|3|1|0.112820512820513|0.0107692307692308|0.0454545454545455|22.000000000000036|0|1.0|0|1.0|0
1873|2|767|50.95|7|2|0|0.0221642764015645|0.0664276401564537|0.411764705882353|16.99999999999997|0|1.0|0|1.0|0
1874|1|321|76.03|8|7|2|0.0716510903426791|0.23685358255451702|0.34782608695652195|22.99999999999999|0|0.783|0|0.9470000267028809|0
1875|1|397|41.89|5|5|0|0.0654911838790932|0.10551637279597|0.19230769230769199|26.0|0|0.683|1|0.8050000071525574|1
1877|2|685|62.68|1|6|2|0.035036496350364994|0.0915036496350365|0.0416666666666667|24.00000000000002|0|1.0|0|0.9990000128746033|0
